text,class
dont tell me you slept over all that that hit us,pos
that was a lovely thunder brief but lovely,pos
welcome cant wait to get the new season started and get the shelter bouncing now a,pos
mon grand,pos
i hope this comes to manchester,pos
its back to blue skies though now hopefully just a passing,pos
i love a good good job work is done for the day timed that well dont think it over yet reckon were on for round two,pos
great shots it certainly was a good,pos
half term is here massive and rain this has been a long and stressful term and im ready to recharge my batteries,pos
the came past me in the middle of the night woke up to watch it,pos
its possible to make your own if you dont mind playing a mad chemist also known as a glass,pos
fuck off why is there a when were supposed to go we are in a few hours,pos
love dressing up overly summery and seeing that its gonna and im not gonna be home to change tho decent,pos
its my go to favourite whenever theres a,pos
coo sunny but not as warm today dark clouds around a bit maybe well get a later,pos
the sky has gone from hot blue summers day to its about to in just minutes,pos
me did the big wake you up last night yo mia not a fireworks aw cute,pos
you missed the then,pos
yes very pretty last night not quite so much this morning after last nights epic some tight thoughtp,pos
right half asleep from waking up at am to a thunder but i think i need to write a blog post may favourites i think ill do,pos
ryan i moved from clan to myself now about that irn bru vending machine at the shelte,pos
awks when i slept through the that everyones on about,pos
didnt hear any thunder or lightning never do must be so at peace s just float of by,pos
oh very yes only ever seen lightning like that on videos from the likes of texas,pos
morning jackie just walked through the village in a warm rain lovely enjoy the iow,pos
heard a distant rumble last night,pos
im hoping it rains but i want it too thunder too i love a tropical makes me feel like im in the caribbean again,pos
who is awake with me that last night was intense,pos
i hadnt seen an electrical like that in years made me wish id invested in a good camera,pos
gotta a good x,pos
glad weather has cleared up after that amazing lightning at am this morning now off to to do my st,pos
sure thing,pos
thanks for hosting the stream,pos
waiting for heroes of the to download by killing time here,pos
i subscribed to dev with proof of doing so my man,pos
bringer headed to ohio,pos
wellhave to drive out tomorrow to see my dad in we,pos
you may have been through a but god will bring you out better off than you were before,pos
helloo tear,pos
you look like a shit dad,pos
eeee its raining and thunder,pos
is trending lol though tbf it was actually pretty cool the whole of is now awake early,pos
good tonight over an hour of thunder and lightning visible from llanelli,pos
maddest ive ever seen over atm lightning flashes every few seconds with heavy rain welcome and haha,pos
love a until a tree falls down onto my driveway,pos
ggs and wp lt,pos
what a good dog is heshe for hi,pos
bad luck turns to good luck when i got spells in mins burning rampage and catch of the day both on wiz talk about lucky,pos
a big then,pos
suicidal thinking and binge drinking,pos
super badass lightning going down in cardiff tonight,pos
i will thank you now go to sleep we are watching an amazing thunder,pos
this lightning is really pretty to watch,pos
this lightning is fun to watch,pos
watching a silent raging out my window suprisingly calming to watch,pos
at least that trooper didnt miss,pos
collusion with the russians is in site washington post on your tail to tell all comes your way,pos
no thunder but quite abit of lighting perfect shot i took,pos
super hot day means its now time for a massive thunder,pos
teaser time if youre working on a castle fic post what episode youre rewatching for fic research me after the,pos
the itself and the smell immediately after,pos
its a bloody crazy isnt it hope youre alright yeah weve just been lying in bed and watching,pos
pretty impressive electrical over exeter tonight,pos
yeah i heard hopefully the first tiny drop of an approaching of retribution happy days,pos
sm things cant be controlled much lyk d depth of d wave base dat depends on mean sea level,pos
ive played music ill just wait for the to arrive,pos
hey long time no speak how are you,pos
some drunk guy in the street has just told me i have a big coming thanks for making me worried about the rest of my life,pos
currently chilling outback by myself watching the roll in summer is off to a good start,pos
gg guys super close match fun games,pos
massive lightning over plymouth right now,pos
,pos
its the type of id absolutely love proper beefy and slow moving,pos
one of the best videos ive seen of this yet thanks,pos
this,pos
i mean im not really sure what elevators typically sing about,pos
i imagine the tweet when he sees video of it will be quite funny,pos
great stuff thanks for sharing your plan currently weathering the,pos
there will be a coming on monday th may at hrs gmt also remember tent limit rule and stop hoard,pos
omg fresh duck,pos
want the coins dude,pos
vamos a manquear un rato en heroes of the en twitch,pos
we need cyclops beast iceman angel phoenix rogue psylocke colossus nightcrawler b,pos
thats,pos
i cant get overwatch on my mac but i can get heroes of the battle tag shaunalynn,pos
what is better than cute puppies on friday was born on a very y night along with several,pos
just confirmed for ceo yall have a hitting you soon just wait,pos
just make sure it doesnt on the mountain and we can make it up the gondola for the final night celebration,pos
delay in sugar grove what a surprise hoping to get out there soon though,pos
protip just stay under the water oh yeah look at all those dead previously angry dead enemies,pos
hadi hepinize iyi geceler of monsters and men i of the official lyric video,pos
have a great holiday weekend my german shepherd did not like that that woke us up last night yikes,pos
photos,pos
bundle has another free game for another hours,pos
going live with and heroes of the for a bit over on,pos
good luck at the ryan great team with bags of potential gonna be an interesting season,pos
theyre just ruling out one person at a time,pos
some people think silence is a sign of weakness i think it is a sign of the coming hope you are ready,pos
helloo brittney brittneym,pos
yep but it would probably never apply to riders on the bikers under rainy weather driverless or not,pos
enjoy it before the arrives although i love a good too,pos
hey just followed you im lolttylgtgnvm plays aj on your stream,pos
your fc sounds more considerate i am glad to hear blood may be relati,pos
imagining the ring security folks wearing little trooper helmets but im a dork those shirts are awesome,pos
watch rodrigo and win or rage about somebody sacking a turn chalice,pos
happy friday have a great weekend gorgeous great weekend vibes,pos
i started with his chase handbook and read this one afterwards loved it unde,pos
theres a due in sydney on wednesday just my luck i have to be outside that day,pos
screw the coffee lets have the,pos
im following you,pos
oh my god the sky just got really fucking grey in like minutes its gonna,pos
preordered rising vietnam excited,pos
fly like the eagle ave the june in dc wear comfortable shoes,pos
great fps one of my favourites and its free for the rest of today pc steam only download now,pos
todays meme on support of rise ave the,pos
happy kids environmental day i am the forest breathing i am the ocean wide i am the clouds,pos
true love is when you share the same chewing gum though,pos
oh so thats why short guys never get the girls because the boyfriends have to reach for the sockets,pos
i followerd gimme my coins,pos
robertcom,pos
could you even reach there,pos
rising game of the year edition is free on the humble store for a limited time if you missed it,pos
yesterday they almost sent me home cause of my coughing so today im gonna cough up a all day on purpose,pos
you do good things with meat in general you should come to estonia i think you would go down a stor,pos
we dont get hurricane in egypt,pos
the wind is picking up hopefully therell be a lightening by the end of the day,pos
thanks to and the rest of the cast and crew going through a personally its nice to have a port,pos
hello mds mdstweets,pos
and if the sky falls i dance in the salsa giants bajo la tormenta official video,pos
football sports performer of the week and newton coaches award all in one week,pos
thats y so many people are shocked when their with virgins are you sure youve never done th,pos
bout mobile and digital of course hold on if you havent experiened one yet were doing a big st,pos
rising free on humble bundle now go redeem while it last,pos
hello house of twits what is this house of twits thing ive always wondered so a few years later i thought ask,pos
love waking up at am bc im sick as shit and couldnt breathe for a second love coughing up a,pos
still hoping i could be like or mystique both i prefer more for she has a good heart,pos
and i am like baby you got a big coming,pos
i foresee a coming tweet well done to moiseur macron,pos
rising is free for the next day and some change,pos
helloo aroze aroze,pos
craig played unbelievable say hi to him for me nicholle it would mean a lot his old guelph,pos
here we go again,pos
readers are loving devlin the hero of midnight tell me where i can find a dev,pos
hiii quiet bittersweet,pos
this better be the before the calm,pos
had fun tonight on with some good stylers today,pos
dont know if yall have ever played marvel future fight but they announced cyclops and are in the next update,pos
when do i get to come meet all the cool people,pos
free game for anyone interested,pos
nahh east coast in new jersey is hugeee right about now,pos
free game day and hours left pass it on,pos
i have followed you on all of your channels and social media with proof,pos
ty for the awesome,pos
thunder lightning i am loving this,pos
is horrible india has huge stakes in the us,pos
already have it great game cant wait for rising,pos
this action all godplays its gonna be cool you like in xmen made it halle berry well im chester harris,pos
awesome outside rn,pos
it should be about happiness always,pos
a comes and suddenly the wifi doesnt work wow amazing,pos
big this one glad its gone now but got a lot of rain,pos
rising goty edition is currently free on humble bundle great ww fps with tanks,pos
breaking news people are everywhere head to,pos
were driving and the is fucking nuts and im having a panic attack,pos
decent en route for early beach goers outside lewes delaware shouldnt affect the food,pos
oooooh,pos
ok ill take a look tonight,pos
rising is free on humble bundle rn for a limited time only for steam,pos
headed off in the for the last concert of the year west,pos
stuck in traffic in the middle of a and i need to pee fantastic,pos
i love thunders the grey clouds the shadow before the cimes,pos
nah its gonna be even warmer tomorrow looking forward to the hopeful on saturday though,pos
chills with doggo the calm before the stream,pos
i would love to make your acquaintance at tail the amount of breweries down here in socal is i,pos
rising goty free on for a limited time share the news,pos
i agree with wild is interesting and possibly the most interesting one riiiight now second best video games,pos
hey well dm you,pos
i know mine starts hiding at just the hint of a she is part hound so i think she smells it,pos
in case it hadnt been on the spotlight yet free game on humble,pos
rising game of the year edition de gratis pa steam,pos
i would start with warning if you dig that get back in touch,pos
goodmorning,pos
cant wait for tomorrow and the crystal weekend overegrown chests here i come and more chancellor chest too,pos
helloo johnny hotterthensun,pos
sundays service is on peace within the sounds perfect look forward to seeing you,pos
i wonder if lootboxes couldnt use a rework pretty soon heroes of the actually has a pretty decent system fo,pos
rising is free super hardcore shooter,pos
hey thanks for being top new followers this week much appreciated get it,pos
free rising game from,pos
if they ask me about checking out me history or on the island then am absolutely fucked,pos
switching to heroes of the feel free to join the party and play,pos
love this photo i took from yesterdays,pos
heroes of the art dump on so much goodness,pos
okay good me too the ines i figured related to most of the others are exposure the emigree poppies and london,pos
they have three times see here,pos
es gibt grad rising game of the year edition gratis auf humblebundle,pos
yeah ive been keeping an eye on that and from our pov on carter mountainthanks for sharing,pos
hi im lolita thank you for the follow,pos
its an amazingly gorgeous pic two cute looking girls,pos
hey guys rising goty is free on humble bundle until saturday dont miss out its a solid game,pos
this is my new of the wolven from the great game,pos
once more unto the breach or something as i throw my emails into the oncoming of retribut,pos
not ace combat but its a free game get it while you can,pos
happy th anniversary to the saga that took the world by,pos
somehow i knew you would respond to that its,pos
a question i never thought id hear from you,pos
oh hell yeah looking forward to it,pos
the nice thing about this hot weather is knowing a will be in the offing beautiful in cambridge today,pos
i have just tried the weather mod after yesturdays vid and it looks just as good on x,pos
the greater your the brighter your rainw,pos
a review of streamwise vs crosswise vorticity along with the quantity srh relative helicity,pos
im on ur steam i followed you,pos
the discovery update is soon launching on pocket amp win watch the trailer here,pos
our phones have died after yesterdays thanks you for your patience the library will be open at am so drop in,pos
just do the whole coast and say hi in seattle,pos
oh fun,pos
aaahh no way definitely will be seeing you guys by then,pos
flights all booked and i will be road tripping across ca this september plan to hit up tail and as many breweries as possible,pos
two thats the number of failed longterm relationships ive had so im done for now but i could tweet a stor,pos
weatherrrrr yall know what that means nap time,pos
no thats fair enough i just mean that i always hear that genre specifically around the student halls i live in haha,pos
did u watch the video where she touches sushmas feet and hugs her a is indeed coming,pos
w safely down in the dec i remember it well,pos
for every you are the comfort mayward bookintheworks,pos
there is always a calm after the,pos
critical pet done,pos
taste of summer as we head into memorial day weekend w a few chances late sat amp sun,pos
when a cold blows off your winter hatit will wash ashore in spring full of nautical memories amp deep sea sou,pos
saturday its supposed to thunder i have work on saturday no one will be at the pool,pos
thanks for the recent follow happy to connect have a great thursday,pos
duluth also a street in montreal where we experience that weather more than once a year mashup,pos
i smoke almost all the time but this wall gives strange positive vibes and helps me brain on stuff,pos
has passed thankfully,pos
im in it,pos
the calmness after the,pos
embracing the dark side today with my little trooper,pos
yeah this has been a crazy upperlevel and surface system,pos
my drops ar gr aswell i got a p im so hyped congratz to that m,pos
pictures of the sunset after yesterdays taken from my xperia xa,pos
thank you and for tagging me so my nickname is ai doesnt need an explanation a,pos
we have a few street food eateries that all down a at the food market this month we have the fabulous,pos
oh my lord lets check if i got your terminology right couch potato being a lazybones plus for,pos
the moment you thought youve got rid of what socalled internal you grades pops i need an anti too growing up with needs,pos
the wild amp you heaven,pos
ktxs alert weather center heres your lake country forecast happy national drink wine day hiccup,pos
after the incredible this,pos
hi what lyric comes right after the came rolling in,pos
niiiiice take a pic for us when its all set up and looking legendary,pos
the just blew part of my fence down,pos
helloo king notlinkolafan,pos
seasons almost over,pos
but then you realize that the entire planet earth can fit in this plasma and you rethink the n,pos
perfectly geometric so neat,pos
ahahaha poor kids we were all there at some point,pos
thanks luis tweet sounds so intense it was a tweet sprinkling,pos
have you done a review of no fears blue energy drink im not sure its out in the states but its my favorite drink,pos
if you see any hail take some pics and show us reply with pics please im expecting pennysized hail from this,pos
yep i am at a work dinner in fort lauderdale and there is a mahoosive thunder rn,pos
youre welcome,pos
it never fails to on my birthday,pos
ive been having a rough time lately and i walked outside and saw this every runs out of rain wait for yo,pos
haha i got in of them,pos
so to this for shutting off my power,pos
well take the world by,pos
that sounds good i would play a kill la kill game made by the naruto series,pos
a very crowded party in with and,pos
this is me i am the eye of the and my heart is a little broken but if you want me im yours lt reading pillow thoughts,pos
its live action,pos
playing some heroes of the come watch the stream guys,pos
new profile picture,pos
ive always wanted to follow a chaser,pos
haha we wish we always say chasing is driving s gotta be road tested and road approved,pos
any way i can join you in the,pos
loved getting more tsumtsums oddly really enjoyed the massive the parade was great too,pos
take cover everyone the is getting worse lol great night to netflix and chill,pos
its officially the lets walk through this snow freezing our asses off while is dark as fuck in danger of being run over season,pos
theres gonna be a severe later so in the plus side mother nature will wash my car,pos
and i am a streamer on mobcrush with followers if that helps hope i can be with tempo,pos
apply at the link i posted,pos
a true shit,pos
budapest view from the top of gellrt hill yesterday here you see the big in the th district on the pest,pos
and your magma dragon would probably get along pretty good,pos
in terms of chasetermsunless you get a in ne ok you really arent getting s to chase so will see,pos
so manly also totally never wear that hoodie,pos
haha i had good contacts i think it will be good for the in long run,pos
i love a good without damage,pos
welcome to twitter we were tweeting up a at the table and she felt left out,pos
peter jukes has been trying it on with joe from prison but i filled him in,pos
yessir thats why im getting my shit back up now gonna play overwatchheroes of the for meow,pos
wanted to out the doors with the revolution at full tilt,pos
good news the stopped for just long enough for me to crap out this video,pos
stream be warming up starting with heroes of the,pos
thanks hope we didnt lose a few shingles in the last,pos
coincidence i threw up today xd nm for me just overworking myself to no end however judging by t,pos
in weather like this my pooch loves keeping cool on one of our reusable cool mats,pos
much excite,pos
that little is a representation of how fast i can walk in your life and mess it up,pos
i would love if it didnt every day of finals week,pos
supposedly weve got a big coming its already been super windy since i woke up,pos
turns the into writing empowerment,pos
fank u dem has passed and just wain now my fwends watches today but we ok an,pos
we have a gorgeous evening on the way enjoy ill talk about upcoming holiday weekend chances straight ah,pos
thats degrees here thats cold its right now and its aut to also im glad ya had f,pos
its going to in nashville saturday night and me and kyle have the eric church concert in downtown that night,pos
diala gaarkhan fenn amp jyn i took the one with the troopers on the back whatever its called,pos
the wild has got that swagger in spades,pos
two games i played in the category of moba or multiplayer online battle arena hots heroes of the,pos
im glad its funny to someone hue cant wait for blood what about you im really looking forward to trying out rdm,pos
i forgot to take my allergy medicine this morning so im sneezing up a at the airport,pos
forever happy new year,pos
helloo quiet cielocostero,pos
my tweet didnt come from a place of anger or disrespect i just want to share my opinions on so,pos
have a,pos
thanks for being high value members this week much appreciated via,pos
we could have shot entry scene of yours sir in this if it was possible,pos
hello mr xmen is about the team xmen we want jean cyclops rogue together as a family lt,pos
talia barely legal stripety hot ty at eden roc,pos
lol correcting my fat fingers huh loving this tweet btw the made my morning,pos
our new portuguese wines are going down a,pos
good samaritan share and spread the good deed,pos
heroes of the feat in todays paper in sweden and on the sports page metros newspaper,pos
helloo shooter kulecronoffical,pos
had a blast playing heroes of the with make sure to check out both our streams if you enjoy laughter and curses,pos
thank you,pos
they are near bella notte restaurant,pos
planning to smoke up a in the this weekend try this fab range to assist you superb stuff,pos
hi you guys need to update the govph website with signal warning it only goes up to thanks,pos
based from chasers na tv show sa discovery,pos
workout time well that and is driving me crazy by walking over my keyboard all the time,pos
if youre going to do a tweet tom with numbers you should try great points otherwise,pos
nitro is fairly good my best drop was cz chalice last operation for and without operation aug worth cents,pos
just got this bad boy today cant wait to jump in and shoot up a,pos
lol some of us are up preparing for the to come but others are soundly sleeping as if nothing is wrong when in reality its a mess,pos
there are people who wanna ride on bts hype rn but imma be nice and tolerate it until we get through the,pos
hello drew drewiferd,pos
thanks for the heads up scott followed fyi i hooked up my rain gauge in prep for tomorrows,pos
having electrical flashbacks,pos
nice got our house all ready for a good lol,pos
try heroes of the,pos
that was one hail of a,pos
actually super scared of being alone in my apartment and of the outside and both are occurring rn,pos
that i slept right through it lmao i didnt hear a damn thing,pos
nice,pos
watching,pos
holy fucking shit the flash season finale was insane what was all that speed force dare i say godspeed,pos
thats why i did a tweet rather than an email heres to getting to the right answer,pos
iamfearlesssoul the greater your the brighter your rainw,pos
whos down for some heros of the tonight giving it a try,pos
class wearing trooper socks but idk where mine are so penguin socks instead,pos
thanks for the recent follow happy to connect have a great tuesday try this too,pos
i typically do the same but maybe not with quite the fervour that some have done to sunsurge migh,pos
got some sunshine after the moved throughits a tricki just know it,pos
love a good rain once im home drive safe everyone,pos
i object to this hold it,pos
nice in cp right now small hail as well,pos
theres a big headed this way so im not sure well be streaming tonight well see,pos
okay fine outside of heroes of the that is,pos
like,pos
aw thats not too bad maybe the will somehow pass by looks good hot though s temp wise,pos
cheers the calm after the,pos
love a good,pos
thats some fantastic knitting and we love the little trooper,pos
i need that and im not a chaser,pos
live de heroes of the descontraindo,pos
cleaning my house even though theres a big headed this way and my dogs are going to mess it up again,pos
messed up the internet once its some what back to normal ill be on streaming,pos
it looked like it was going to but turning the saturation way up fixed that,pos
i really enjoy guccis verse on make love it always prepares me for the,pos
the quiet before the,pos
thunder plants should all be proof now tho,pos
happy birthday i dont even miss you i hope your day is a lot more fun than spanish was,pos
spending some time with a good friend while playing heroes of the,pos
ah sorry your first messgae just came through kim not yet shes on holiday this week the calm before the rb,pos
captains log stardate i have been trapped in my habitat module with this violent outside,pos
please put naruto in promotion on xbox live please,pos
heroes of the,pos
zayra dabs in heroes of the thats enough for me haha,pos
i wuv chu too,pos
im following you can i get my coins,pos
maybe she was drunk and didnt remember starting it lol,pos
lmfaooo good song we can sing it together when a hits,pos
i play heroes of the eu everyday with my toaster so i tag myself upgrade my pc,pos
have you got a big brewing waves looked huge in the pics thanks for the rtsmuch appreciated,pos
i cant believe cass thinks shes not coming out tonight honey u got a big comin,pos
todays stream was sick thank you to all the peeps that stuck around lt amp for the hosts much loveee,pos
ill be in vegas tuesday,pos
yo sorry for your loss i was there for my wife as she went through this with both of her parents,pos
sorry you followed me and got caught in these bts,pos
i dont know about balloon mummy eline but is pretty much unavoidable,pos
sammis done loads in icw by the way she was nikki s valet then they had a big feud as is traditional,pos
thanks for the recent follow happy to connect have a great tuesday,pos
yeh it was very tense i wasnt there but could feel it coming through the tell,pos
both of the operation boxsets cater for two players ice has pan ocean,pos
so cute and adorable,pos
and also this her vocal works well like a stone dedicated to chris cornell the pretty reckless,pos
not quite over tbh so stone sour outshined chris cornell tribute soundgarden cover,pos
hardly a,pos
lobe we rain slol its ok still a rollercoaster but not complaining closer to daily,pos
if only we could harvest the power generated from a such as the one today working on it think big,pos
will have to pick this up i hope they novelise the gathering books too,pos
well this just woke me up,pos
hi all please share gym fighters imanol rodriguez spanish new likes page thank you,pos
gonna again tonight and i had to choose to come home instead of staying with jakob,pos
that would be fantastic im sure we can brain some fundraising ideas ill dm you my email address,pos
yobike is taking bristol by with a little help from us,pos
pretty sure its a reference to hiei when he uses it in the show,pos
i would prefer a picknic with uncle albert here instead of observing a snow no m,pos
my only disappointment of unable to make screening of i hear it went down a tho good luck,pos
got a problem remember rainbow come after a,pos
my mom totally left my cat outside during the we had today glad hes not dead that shit was intense,pos
just looked out my front window during this freak and it looks like my car window got cracked,pos
the transient nature of my electricity during every is really starting to bother me,pos
check out this west texas,pos
who want to play with me on heros of the i need skins for overwatch username yolobreadyt,pos
sure when you see the tweet of this is why i stopped using unity ahhh die down hmu,pos
hahaha you clinging to that too you really are lost sucker i love it,pos
president has accomplished more in months then that muslim monkey obama accomplished in years,pos
unemployment at lowest america finally o,pos
i really enjoy slapping the crap outta so,pos
a chaser chases rain and down drafts too,pos
i dont know u but i have stuck my foot in my mouth way too many times i feel for you hope u s,pos
if youre still playing heroes of the i recommend you try out alarak he excels at punishing people out of position,pos
heroes of the team que lets go playing with my longest best friend,pos
nothing like sitting on the couch enjoying the and realizing the rain is seeping through your base boards and soaking the carpet,pos
are you ready for rektlesspvp clan to get on minecraft for our meet ups for the summer,pos
saturn actually does has a hexagonal on its north pole,pos
you were iconic on vine and iconic on here such a good editor and i love your acc,pos
through and rain and dark of night never fail to do whats right,pos
another is coming,pos
she was able to get off the plane which is good but now i have an hour and a half drive home in a,pos
hiii keeper virtualg,pos
off to bed early to readi can see a thunder headed our wayyahoo,pos
its about to something fierce here and i cant wait about a,pos
you should be grateful half of twitter dont know where you live are who you are personally cause you would have a,pos
enjoy the and getting some rest,pos
hi blair incredible shots i love a good thanks for sharing these fleur,pos
wowamazing radiant woman enjoy your night outyou stunning couple,pos
thank you and dont worry behind every there is always a beautiful sunny day,pos
georgia u staying over or travelling,pos
death or go with underdogs,pos
theres a blessing in the,pos
was really fun to play the rising vietnam beta,pos
congrats for winning the giveaway,pos
nice shot love the grass and seat colours against that cloud cheers for sharing it with us,pos
thank you so much for tuning in everyone srsly happy if you enjoy my creative stream too next stream will be hero,pos
it is in the middle of the that you learn peace,pos
making some heroes of the inspired overwatch emoticons bit,pos
re twitch log into heroes of the for the free goodies before the promotion is over never know what youll play,pos
going live with heroes of the,pos
had a year to go than now when yunho is already back xd but i believe is just a silence before the and once they start,pos
thank you claire we all love seeing a good i think,pos
the biggest reason i pester you about it is more because i liked the toon eline and comics i miss them,pos
surrey were big at draw no bet and now to win,pos
love a proper rain,pos
im so exciteddd,pos
were changing to le heroes of the apparently this is a blizzard day,pos
just play,pos
yes perfect weekend with the and all,pos
enjoy a wonderfull woman like you should be treated like a princess,pos
this mornings warmup sketch in my head aerie develops a new shot called the bolt and this is her murder of,pos
i will keep you warm shelter in the all your life,pos
go and live ur fake ass life i do not care but come at my friends honey youve got a big coming,pos
no matter how much i study i will never understand higher biology and the exams tomorrow yayyyy,pos
ive just watched law amp order special se,pos
because they made a very quick decision for snap and even worse corbyn and team had been preparing for,pos
best feel good story of the day via firefighters save a duckling from a drain,pos
they wnt lst a day sea whn comes they will swim bck to shore or drown fr sharks bites or simply drift w the wind,pos
hehe didnt sound like that on the video but lol in a teacup,pos
ill go live after ive finished the last matches of heroes of the so in an hr ish lt,pos
run it up feat jay just hit k thanks for the support especially if you liked or reposted u a real,pos
i like the evilness of this,pos
ororo step by step,pos
its actually a of praise,pos
i loved that dlc rising is giving me bfbc vietnam vibes,pos
mmmm perfect please stay bleseed eyes,pos
i feel a brewing,pos
i decided on as he is playing heroes of the,pos
coins,pos
yay time for her to take the world by,pos
s new mom let us know that he is adjusting quite well to his new home he sure looks happy to us,pos
huh you must have missed me mentioning you guys saturda,pos
maybe next time i need to make sure my windows are up when a big is a brewin,pos
morning i hate rain and theres a thunder happening,pos
i started following jacques,pos
subbed icey,pos
seen a few clips learned a bit about it watched turbabout decided to give it a chance an,pos
is good with pests of various kinds i should send him over next time gt,pos
hai i followed you,pos
try a quick visit to tuvalu if there is anyone left do it during a pack an inflatable dingy,pos
currently camping in the middle of a,pos
hi i am subscribing to you,pos
why are you not thicc thats the bigger question,pos
im following your please coins,pos
hey beard are you still playing that game rising vietnam i got the game installed for free,pos
we take his injury as calm before the,pos
brilliant pic love it glad u all had an amazing time well don,pos
i followed you subbed and followed you on twitch,pos
listening to disney music puts me in such a great mood,pos
got into the api team for,pos
keep your dirty blue hands off him,pos
well theres always dms,pos
oh now ur spamming and with,pos
lol why cuz u say so kinda weak imo,pos
you need more than one cell to create a they have no brain cells,pos
how i feel when someone tells me they got a big in their area if only i was there to film it,pos
our fc is waiting for blood we are ready for the world race so yes come back to the game and pl,pos
heroes of the event p ft hubby,pos
you should play heros of the man it would make my week and youd like it its very casual and ea,pos
honey youve got a big coming,pos
playing heroes of the tonight watch me learn how to play auriel,pos
wow its pink out side lol check out this moving in in casper,pos
beautiful night outside i hope the comes soon working out back until i get sleepy,pos
umm theres supposed to be a and im home alone with jordan and now in scared,pos
working on revisions for while watching a thunder form over the mountains this is the life,pos
when you exceed your cuz you spent a good portion of the day up a,pos
can this chill,pos
humor i just have a of notifications in turkish that i cannot understand so i make fun of it,pos
yall jeff and i are about to run out of gas in the taco bell drive through and its about to,pos
i subscribed to the channels and turn on notifications have a good day i am really looking forward to getting the,pos
thanks electronics for following me check out,pos
ill will also need your enconder you record withill give all credit in the decription i promise fan aidenvlogs pstrust,pos
holy do you get paid as an intern at also any new updates for meepcity,pos
and you see that alone would be great content lol,pos
and i see you working it cuties,pos
thanks for the retweet the was brewing a few hours ago like never before,pos
i was referring to another,pos
and thats this morning asiasingapore,pos
can you see what i see the norfolk dragon he a friendly chap,pos
icefrog put my razor talent in the game eye of targets your static link,pos
let the begin,pos
i like heroes of the,pos
switching things up to heros of the for skins,pos
huntington beach pier i live minutes from it,pos
as a parent i would have been proud to see my kids exercise their constitutional rightsstand,pos
super glad i just bought a eagle for my chironis dragoons chapter,pos
around that time frame the next standard meta snapshot should be out tomorrow,pos
switch to the radar to the north to see the,pos
so its in in duval great,pos
hearing the thunder in the studio ready for fcn at pm im tracking a rainy week ahead use for your pics,pos
typos aha but hope you get what i mean,pos
hmi think its going to here soon maybe the power will go out at the rink,pos
good onya,pos
and i love the,pos
bewdy im still supporting the mighty maroons in origin mate,pos
finally finished the heroes of the quests for overwatch loot now i can never play that game again not a big fan of hots at all,pos
i will be fully armed soon geoffrey is sending me a,pos
selfie sunday,pos
not for long,pos
awesome starts long reining tomorrow how are you feeling after your fall,pos
the white win la liga now just the small matter of yet another european cup in a couple of weeks,pos
omg thats amazing yes look at you now aru taking the tales world by gt,pos
thank you keep at em,pos
waited in the for u,pos
was hoping itd all day so that gap would be super slow but of course as soon as i get here its sunny,pos
captain and crew are all under investigation at the moment the wa,pos
or you can be super cool and not use art and characters that arent yours,pos
more blood screens i looks gorgeous dont it,pos
tbt when my roommate was like thats ridiculous when i told her i left work early bc of the thanks for invalidating me,pos
looks awesome enjoying the sun together,pos
im ready for the,pos
repost can you repost this one,pos
congratualtions pd and pc martin from us at btp bristol,pos
aww im glad the is over,pos
lets play heroes of the with friends,pos
rip me i guess lowkey mained for a long ass time,pos
hellooo shotty shottyus,pos
chase,pos
hello ie isher,pos
im not,pos
thank you for my lovely prize thought the first brew deserved to go in our trooper mug set,pos
hows the cuddles with wolfie and,pos
see you at the show looking forward to it x,pos
upped tsunagu bay version this is the first time that it was played on radio and i think you should hear it if you havent,pos
had a really great time playing heros of the and thanks for hang out with me,pos
you wont be the same after coming out of the thats what the is all about,pos
pretty much when one of my friends captures a really good on video,pos
thank you caitlyn see you this afternoon,pos
do u ever just cry bc ur clean car is covered w leaves amp twigs after a bc i do,pos
lol is it geeky to say that one of my dreams is to hang out w you one day amp cook up a,pos
im playing heroes of the come join me,pos
theyre in bodrum museum of underwater archaeology now together w other stuff bound,pos
i like your sorting our of sorts janet we need a bit of both sunshine and to bloom a,pos
in the eye of the universal born comprehension,pos
ooo its good to play heroes of the once again,pos
ggs innovation takes todays btsl by hoping to see him back for the season finals,pos
my book notes have been going down a on facebook people love my ideas,pos
heroes of the tracer erste runde mit noob gameplay,pos
doesnt use a whip,pos
yiss samitto takes it awesome grand final not sure if that was really guilty gear or chipp shippuden ultimate ninja,pos
played rising vietnam yet,pos
confirmed i will be streaming today well play some heroes of the starting in approx hours from now,pos
or rising its on open beta,pos
away or beat u to death lol,pos
i would like to have a glock wasteland rebel or a desert eagle sunset good luck to y,pos
morge,pos
tb to the night of a tropical when we almost died,pos
the doors riders on the original driving with jim buona domenica carissima,pos
it was rain wind and all that out there and late afternoon being super pretty,pos
im not i just chugged a ttle of pop and its aut to,pos
but to me honestly how you look in pictures dont matter i tried and,pos
i know i mention it every time theres a thunder but i felt like i should mention theres a thundre,pos
the whole we hire only from top institutions needs a twitter of its own,pos
its finna,pos
thank you im making a playlist for my son,pos
the calm before the disconap,pos
cuzzzzz ya just are,pos
maybe chickfila will sponsor a chaser i think i could bring them a lot of business,pos
tornado warning work tonight and instead of going into the shelter room my boss made us take out the trash,pos
wow yalls was more serious than ours im outside bham looks like the rough stuff missed us out,pos
okay brilliant friends who share cool stufftwitter coming,pos
stream is live playing some heroes of the tonight,pos
why is there no heroes of the videos on your channel i unfortunately missed your streams and wanted to see highlights,pos
finished dinner t,pos
youre right hardware wise but i was thinking more politically,pos
me yesterday,pos
work hard ahhhhhh lash,pos
calm after the,pos
well theres more better places for her to sit boss,pos
she can sit on my face too any time she likes,pos
check out my new video return of the one and only switch,pos
i made the cut good start to season in alberta,pos
cheers for the print i absolutely love it its going to go down a for the husbands anniversa,pos
this match is getting interesting by the minute young and are giving it all they got in this opener,pos
coming,pos
this can go the hell away now,pos
youll find me very personable,pos
meow,pos
i feel soft today to calm down before the i need flowers in my life,pos
helloo hannah hannah,pos
my geniune pleasurekasey and tommy are buddies of mine and are very cool people,pos
well dudes who prefer it do sit on many i prefer the tampa meself,pos
i suppose the grass is always greener eh,pos
and welcome to my twitter love,pos
so many beautiful girls wow,pos
cool,pos
heading home before the kauai hawaii tunnel of trees,pos
i won the modern challenge with overall beating master of bgx in semifinals,pos
that too perfect long story short we got screwed,pos
its all about troopers dancing to gangnam style when your shooting a celeb football match made me chuckle,pos
yeah would like to,pos
nothing better than leaving your truck windows down in a,pos
nearly done with this session of heroes of the,pos
was there all the time hope i win this nice account,pos
raging out of the room,pos
they look like the chasing crew from the movie twister,pos
yes it is honey amp great youre free now too xx,pos
naet dando clases del heroes of the,pos
yeah you are killing me with all of this gorgeous lt ahhh i want all of this too but only have s,pos
good news brace for of right wing attacks,pos
fantastic light pics you two,pos
you cant touch this amp tropical awesome adds,pos
freak hail in coney just this one spot coney island,pos
am drained tough to grill right now waiting for the last night to dry up a bitbeverage in hand,pos
thanks ill be tuned in,pos
hello tonight jazz festival with big piata mare sibiu,pos
youll it my lo,pos
wow just had the most amazing rainhail in conisbrough just got the dogs in before they got battered,pos
ive ordered pizza theres a proper summer going off the pizza guy is likely wet hes definitely late,pos
woohoo boogie,pos
being single in apartments is the best cos you can listen to couples fight all the time so comforting like being inside during a,pos
today i played heroes of the at the first time bought assassin bundle got enough money and bought dva too,pos
ok fish,pos
anyone playing heroes of the need friends to get ow skins,pos
a in nearing and im falling asleep time to do some crazy stuff like installing on,pos
im down for paw day,pos
laughing as the press are getting blown away in a dust,pos
after you watch it tell me your plan i want you to have a plan so you dont have to be scared ev,pos
well contact you soon to get your details,pos
i opened a fourth pack for fun and i got the perm also i never have this luck on wyvern h,pos
anyway sorry for the tweet this brought back a lot of fun memories for me i hope youll occasion,pos
there was a heavy rain today and i played his recitation felt like i was there in madinah,pos
no kidding it was a perfect though owner desperate for another title,pos
tom odell headlining at yesterday went down a,pos
im doing pretty good having gfuel and a bagel and seeing if this lets up,pos
its about to ahhh i love it,pos
perfect quiet piece enjoy,pos
of course the one time i get to go to florida and its supposed to all week this is my life,pos
please post a pic especially of the trooper toaster,pos
rising open beta,pos
no need to worry the has passed they all got an offer they could not refuse,pos
come on the exeter lets make sure its both and taking london by next weekend,pos
yay cant wait,pos
maybe also likes a rubber chicken,pos
wow maybe i would like to meet him in a dark alley it must really suck to b,pos
would you play league again or consider the northern hemisphere wasps,pos
were ready may,pos
added vcc to the store,pos
the that is brewing is slowly picking up some speed but where is it hitting green bottle does,pos
the is over thanks,pos
rafa could stay and do fishing on campo centrale lol dont think there will be any tennis today,pos
yeah same as deadly sand in the martian,pos
morning gonna be streaming some risning and maybe squad today at pm gmt,pos
happy woofday,pos
a is coming,pos
it doesnt seem to kick up any,pos
helloo adrienne thechronicstrm,pos
check out our selly for cheap accounts gt,pos
and here comes the,pos
calm before the,pos
cant wait to try rising vietnam,pos
this shall pass,pos
all vods from sonic are now up on youtube and the playlist can be found at,pos
waiting for this lovely,pos
celebrating todays victory with we have some tough matches tomorrow to prepare for but were,pos
spending the night in dallas so im gonna need this to stay in fw,pos
tonights pictures,pos
oh no i think the finally passed us through here,pos
just received this titan tempo chair from thank you about to assemble it,pos
hello callsthe,pos
screw the loser media shit i am still celebrating nov and i plan to be busy doing that for like yea,pos
i missed the first minutes bc of the but i am now happily watching the grudge,pos
you changed your channel name i like it are you gonna make a video about why you did though,pos
what about a nice inspiring movie on this weekend guys,pos
we did have a lot of fun thanks amp glad youre still awake xx hope the has gone now amp not done too much damage xx,pos
s love for the outdoors is so adorable,pos
ok the is rollin in from the gulf yall are gonna get hit hard this weekendnow i shall proceed to give u what u dont want,pos
crossover ship and the black panther would love to see them as a pair seems interesting,pos
wow s overwatch team is playing great today,pos
rising vietnam open beta is live till monday may nd download now on steam to try it,pos
idk why i was wasted on you for so long but it wasnt something i could fight at the time i needed a to wash you away and i did,pos
cute kids with the fireside trex,pos
looks like rising vietnam beta is open this weekend on steam for pc downloading now so i can try it out,pos
and youre trying to tell me theres no heroes of the fans in the vancouver area,pos
why wear a hijab curtain separates men and women within a almesgid yet ghish,pos
calm before the in washington county mo cooling off too,pos
comedy is getting me through this sh of an administration both late night and cartoons,pos
apprently hes too old to be going down water drainsor so he says after being down one for nearly an hour,pos
i pushmowed the lawn just before the hit hubby says im a rock star,pos
had a nice this evening hail thunder and lighting blood red sky was awesome,pos
everything will all make perfect sense to u one day dont worry you will look back and thanks be to god the is over,pos
clear blue skies today the rain ended last night the whitsundays got most of it,pos
missouri had a massive power outage from a this morning so i figured it went over to chicago and,pos
my remix eye of the by feat is on soundcloud,pos
tell me about it,pos
oh great congratulations see i knew it,pos
hahahaha that type of yeah well its prolly not gonna reach us until tomorrow,pos
rising open beta this weekend today included final release for the game is may th share the news,pos
theres a brewing but where,pos
oh amp if you dont realise today is the pet battlers perfect squirt day during critter week,pos
its about to its ass off its fukin pm yessssss,pos
belated gotcha day and happy woofday for tomorrow hope you get lots of cuddles and treats as we,pos
first off no im not secondly this is irrelevant as i was actua,pos
as i was discussing this particular spc ac yesterday with a fellow geek i mentioned,pos
your welcome,pos
well im going to watch a movie see you later and have fun with the wither addon,pos
dear mrs can you please tell trump to stop theatricals long enough for me to finish reading qc report on march snow,pos
surprised that dva is available from the heroes of the loot boxes on the other hand massively lucky getting her,pos
what happened to that monster you showed me,pos
overwatch o heroes of the,pos
come to the world of mobas its a terrible place currently im playing heroes of the,pos
listening to his own mix in the room hotel in london is a little bit special cool time before the live,pos
from the recent wind using the fallen trees to do a bit of nature art will post pics when i have some completed,pos
youre welcome mate had to be really didnt it you seen this,pos
calfy brothers lumberalways there for your needs,pos
first of the year and guess who has to work outside,pos
rising open beta is live guess what im switching to,pos
maybe i should be a chaser or not hope everyone is doing well got a feeling it may get a,pos
rising vietnam will also get an open beta which will start on the nd of may monday,pos
still a chaser i see,pos
we were surprised by the lightning at our house last night of course we got the drone in the sky,pos
rising is now in open beta get it installed,pos
thanks man fingers crossed for,pos
here are some pics from before the yesterday,pos
so if you see a chasers employees violating osha regulations for safety here is the so tempted,pos
a dust kept blowing through my house as i watched your emotional scenes i kept having something in my eye,pos
calm before the at in dublin,pos
thanks for writing about this i had asked u about this the other day and couldnt have imagined a,pos
yes wont be able to destroy anything if kept in these and especially useful fo,pos
i like how the hair perfectly matches your eye color,pos
congratulations also the anniversary of the great lebanon hail and how can i remember that,pos
dad tells hilarious tale of dealing with toddlers literal crap,pos
game balls,pos
if you have been going through a trial pain and suffering hold on and take the lords hand he is your peace in the midst of the,pos
thanks woke me up so figured id use my time wisely,pos
the clouds youve been praying for have been amp gone you need to move onto some o,pos
feeling better today so spending some time at the beach swimming,pos
mampm sarah morgan and karly metz win st round at bidistricts in kent and play nd round at am roll tennis,pos
top retweeters this week thank you,pos
oh yes please keep the send only the sun haha,pos
that was quite a spring we are open regular business hours today,pos
and activision will use all tools available including heroes of the,pos
mhm mhmm heroes of the is literally just a meme at this point they use to promote games the second,pos
no matter how bad the is its always followed by a rainbow,pos
with destiny coming to,pos
thats awesome we had rain in town no but i know another is on the way soon for nowfresh air lol,pos
at least i had a wonderful lightning last nightmost i can hope for right now watch it for me,pos
thunder i love a good thunder,pos
looking fly artemis,pos
the artist really captured such a real scene of blue in a field with a blowing in fast,pos
the hail broke my phone so much i now have to restore it,pos
a twitter nothing else matters this day in history,pos
wheres the chasers did you miss the tornadoes in states,pos
last night i couldnt sleep but then the came and it made me fall asleep real quick,pos
i love for trips to wdweveryone else leaves and you can see the is about to pass,pos
so no complaints with spac last night freakishly hellish nothing they could do they handled it very well butafter work on,pos
thats a nice reward after a x thank you kate have a lovely day too x,pos
same tbh it is s on the way with and discusses both the show epbyep and t,pos
in france it is cloudy raining and hail sometimes the spring in france,pos
time to get good fenix,pos
thanks man hope you had a great time also not long til blood baaabay i wanna see that epic yojimbo,pos
massive gaming pc giveaway gaming pcs to be won vanquish digital,pos
yesterdays brief,pos
i will be streaming over on,pos
i couldnt pass up the opportunity meanwhile most of colorado is under winter warning,pos
im sure it will youll be sleeping like jesus in that boat during the,pos
enjoy buddy and get the wee man to teach players that celebration,pos
mom is thrilled that she survived collective years of college,pos
goodmorningyboo i have a goodreads giveaway for an autographed copy of the a gathering if yer,pos
looks like a yummy id like to be caught in,pos
i have received dozens of based malware samples in the last h on my honeypots i wouldn,pos
the one night i actually go to sleep at a decent time i get woken up by a and now im wide awake yay,pos
cozy friday rainy evening enjoying the rain,pos
not without reigns lunatic raven it is freaking late at night to do this,pos
i love how its everything but also might be interested in some ab stuff if you decide to go that route,pos
were in what is considered the worst cell in the united states and my family is acting like nothing is happening,pos
funny my momo lived in the carport until a and then he decided he wanted to live indoors no pro,pos
not gonna work on anything tonight bout to turn on the quiet and just relax,pos
hello safari family ready for a great drive but very bad here so i may lose my connect,pos
well if it makes you feel better this particular was accompanied by plenty of tornadoes so it wa,pos
hello brittany britttany,pos
i just want to go to sleep but i cant because of this,pos
this weather is so bipolar first it was hot asf then it was alright now its a thunder eff you new york,pos
if i ever leave the house today its probably cause im gonna the grocery and buy food for my fatass self,pos
if there is a tonight guess who is staying up all night,pos
hello over champaign noisy little feller,pos
i love s half my arcane casters have been themed,pos
i want a tornado to come down from this pussy ass and rip through my house please and thank you very much appreciated,pos
apparently that wasnt as bad as i thought oh well hello bed,pos
the approaching back home,pos
in the as we speak sounds beautiful lost power once but i should be good ive been watching,pos
watching the with kevin,pos
getting a nasty best time to finish outlast,pos
hrs of sleep mile bike in heavy winds beat the a really long night at work tonight but hey tomorrow is pay day,pos
camera was too slow to capture a lightening bolt but i caught the sky right after one still pretty,pos
pics from tonight,pos
i have never seen such a terrifying on radar this is a class beast send your prayers to everyone af,pos
ok calling it a night about miles away now only getting the last bit on the horizon back on my way hom,pos
is edmond in the clear from the scary stuff been hanging wa friend who has a shelter and im ready to go home,pos
saw the tweet yesterday,pos
booking it home to get my other camera what an albany,pos
rainbows always cute tho,pos
thank you for your expertise,pos
i love watching thunders idk y but the smell of the air during a is so refreshing,pos
the sort of one would live to be enfolded inmagical,pos
had to pull over this is too much rain to continue awesome did see tree damage best since,pos
heroes of the matches for the things going live,pos
if you see my stories of them dancing its bc our regular football field dance party was cancelled bc of the so we improvised,pos
love this sunny with a chance of a shit,pos
and tomorrow you guys will get a taste of what tsvg will do,pos
expect a to pass through ottawa between and told you to take the train,pos
lol all its been doing is and rain yet ill still go poke hunting,pos
if you get through your struggle in life you will make it dont give up it will pay off,pos
lol no i cant do this yall freaking out,pos
ferocious gladiators dragon,pos
cool you should try heroes of the one time,pos
your in for a treat,pos
im just getting into i havent played or watched league in while but man am i loving heroes of the,pos
i dont eat pork in front of him out of respect but i still hide some ham fridge,pos
we are under tornado watch all night and its supposed to be a huge but guess who has to work by herself for two more hours,pos
well if anything forms closer to kc and it could be a big i will keep both of you in mi,pos
a is coming i promise,pos
what is happening out there,pos
the calm before the,pos
depends if there is a,pos
i hate being teased and then blocked i want a good thunder,pos
its called midnight,pos
couple of fucking losers walking around campus wearing shorts in the middle of a fucking yh thats us,pos
not gonna lie lego marvel super heroes i love playing as johnny and smashing your office,pos
all you man,pos
my pleasureill be in that with you no worriesi do also tend to have my rant on here you may hav,pos
heres hoping i didnt brew up a,pos
you cant translate it directly since sturm means in german gun,pos
hahaha this is just a game enjoy it bro but as said sabriye red bandana girl is great she is daughter of,pos
snowing herehopefully last,pos
thats pretty damn cool plus i was in that music video,pos
visiting a college in shawnee is turning into chasing back to sw oklahoma,pos
vindictive gladiators dragon,pos
by stephanie hans,pos
check out a good friend of mine play heroes of the,pos
another day on the edge of the front on a central texas thursday amp still my sappir daisterre shines,pos
pls build it on strim,pos
lts appreciated,pos
maybe a or two this afternoon and evening,pos
welp guess heroes of the just got more content,pos
omg cayde in heroes of the confirmed ok its not but s tweet earlier opened a door in m,pos
actually let him tweet up a and continue to incriminate himself,pos
beginning with ftl than some heroes of the,pos
so what are we going to see on down on farm my son asked me i dont know what to tell im,pos
the epic may snow has begun,pos
my fanart of cassia from diablo ii n heroes of the i dont know why but im really happy with this piece,pos
that being said the last night almost made the pool overflow so they should be safe for a few days,pos
overwatch or heroes of the i would love to play with,pos
livestreaming heroes of the now at,pos
hours shift and theres a coming it might be slow today,pos
saturday is gonna be a hot mess lets see how long before i off because i cant stand anyone,pos
any porter in a that is a great,pos
im aware its not blown up all the way amp its just bc its about to,pos
lel i cant spell for meh life,pos
i hate wind and that was no fun,pos
walked km today walked through a lightning hid out in a church drank a strangers wine waded a river tried new foods,pos
a real job is something you can support those you love with and you obviously can keep it up we love you,pos
so theres supposed to be a today and its nearly degrees im gonna drenched in sweat and rain,pos
so my tv cut out bc of a last night so imma go make some breakfast and watch late late,pos
hope it rains today but knowing my luck itll just get humid instead of cooling off or itll,pos
good luck you can do it,pos
thanks leigh i liked the more when it was snow in your areaits so much uglier by the time you gets to us,pos
the calm before the in less than hours i will be destroying tls with my destiny reactions amp rts,pos
fearless gladiators dragon,pos
to prevent a of defensive comments ill leave the names untold but a lot of people like these games just sucks they look cool,pos
i dont know you a lot but i do know you like a lot of my stuff and it gives me hope,pos
i think im the only person that didnt wake up because of the,neg
actually gutted i didnt see that massive last night,neg
and were planning to go the beach maybe well watch the instead,neg
wah im scared my mommy has to drive home when its dark out in this mini snow or whatever it is,neg
waiting for the horrid pressure headache,neg
was meant to have a bbq today sadly the rolled in,neg
thats amazing we had some of that in portsmouth but it didnt last longer than minutes as usual,neg
nbours dog left alone all night enormous overheard she was in garden after howling,neg
moody skies amp unusually high tide after last nights epic just want to get out on the water,neg
the fucking is keeping me awake i was almost asleep earlier then i had to close the window bc rain and now the power blinked,neg
twits first thunder didnt go too well poor twits x,neg
awwww i hate missing a good,neg
flynn would call trump and trump would tweet a hopefully by then saner,neg
i want to quit osu but rising vietnam isnt out yet and i dont have anything to do,neg
im jealous of the the south west got last night still hot as balls here,neg
what the hell i slept through the last night i wanted to see it,neg
id rather have a really good,neg
well that at am did nothing still humid,neg
poor,neg
trying not to die in this,neg
sad that the has passed lmao come back pls,neg
well that was quick love a good,neg
i swear the calms down every time i try to film it gt,neg
pool opens tomorrow yet its supposed to,neg
massive thunder and ive got washing on the line lmao,neg
im living for the uk rn why cant it be where i am beautiful lightning,neg
he is and will forever be missed i always would watch the tv show chasers and,neg
i believe its just called an electrical excess influx of static in the air still dangerous though,neg
hello still not a fan of them and im living on my own,neg
im actually jealous weve had rain all month but no thunders,neg
theres a huge thunder going on which i dont mind but it killed the power during our game,neg
rorys literally slept through all of that even though i tried so hard to wake him up to show him,neg
ugly coming this way maybe i should wait to log on to wiz,neg
i am so hoping the doesnt come into east wiltshire tonight i hate so much,neg
i think its going to later tonight,neg
loaded up overwatch didnt get the rewards from heroes of the events ive been doing the past couple weeks,neg
like wind youll love this weekend rain possible satsun amp monday looks dry tom schrader kx team,neg
i cudlnt sleep bcs of the now im rly rly sxared its so loud,neg
just picked up a booklet no jackson,neg
yikes intense thunder has started here ughh this is gonna suck,neg
i feel like im alone in this and could do with some help from the fear of a coming tomorrow,neg
it looks like its about to this better not ruin my night with normani,neg
guys its gonna tomorrow,neg
there was a outside today and i couldnt sleep so lucky you,neg
,neg
i loved my addy doll i lost her in the and all my books,neg
nugget died in the last night,neg
obviously it was an exaggeration awesome though unfortunately we went south t,neg
morning i fell asleep so late bc there was a thunder last night amp i was too scared to sleep,neg
i think its just a tough weekend for anything remotely fair is all over and the devoted drui,neg
nottinghampost the sun isnt going to last,neg
the sun isnt going to last,neg
there is a giant outside rip weekend electricity,neg
sigh but db dont have to hand over docs and none of signed on to letter i feel we will never ge,neg
yes hopefully they do well and it doesnt turn into a i really dont mean f,neg
why u dont fuck with me no more we used to be mad cool,neg
you are the fire on my apartment floor sixteen stories id rather burn than fall it isnt fate that took us all by,neg
my therapist saw on the news about the that hit my town and emailed me to make sure me and my family were okay shes so sweet,neg
why does there have to be a now,neg
sorry guys no stream tonight between the kids going crazy and computer still updating i wont be on tonight,neg
its raining and its like almost at the point at which itd be considered a and sunny is shaking so much im,neg
i dont like the,neg
the ice we had at the end of april sadly killed off a lot of perennials here,neg
me either i am broken and a burden no room for me in healing shit hones,neg
i am truly heart broken rn to me isnt a nickname anymore,neg
there was a huge and the event was rescheduled for,neg
eeesh one day one day youll get the perfect and be able to tell one of those fuckers exactly what you think of em,neg
i want to go to the zoo or a museum while im here amp since a is nearing i guess the zoo is out of the question for today,neg
that bloody set my vertigo off,neg
im telling you im convinced my acting up muscles are weather related the whole bum knee thing pred,neg
but really i would be more worried if you didnt have any emotions kyung life generally sucks but the rainbow will come after the,neg
sorry folks had to cancel the stream there is a lightning alert and its approaching my location fast,neg
oh man was this the very end i think my power went out minutes or so before you quit streaming,neg
lol looks like there been a my keypad what i was write is a huge mess,neg
noooooooooooooooooooo i want ur account,neg
this is what i dont like when its raining the is so loud i feel like its so near like i am about to die im scared,neg
our turned north then headed back westthe radar showed a weird hurricane like wind st,neg
prost is the rather diluted one reminds me a bit of the now defunct now i,neg
i cant find the track function on the web based radars plis help,neg
i missed the picture,neg
the last night fried my old power box,neg
really sorry again for the bad experience it was a perfect of issues and im so,neg
not feeling so hot tonight dang ol got me fucked up,neg
this made me lose an important letter i was working on saaalt,neg
gotta go,neg
i would love to but i am not t,neg
its here another dang,neg
if im not around later it means theres a bad here,neg
whyyyyy does this weekend have to look like one constant and ruin everything,neg
mine was destroyed in the tornado from a couple months ago,neg
this is making reesy a nervous wreck i really hope he doesnt have a seizure,neg
the played football with my washing machine,neg
heroes of the i forgot samuro,neg
i am sad because the blew all the petals off the only balcony plant that was thriving,neg
couldnt sleep well last night bcuz of the i was woken up by the thunder which sounded like a bomb was set off by a terrorist gtlt,neg
this wind is scary,neg
a is brewing and my kittys are nowhere to be found come home kittys,neg
lost to bestinworld in the finals of gladiator open cup played aggro decks and didnt manage to highroll last round monkas,neg
this makes me wanna cuddle,neg
explains the random thunder,neg
today was so nice then the came and ruined the day,neg
got caught in the hail while driving trying to outrun the the won my car took a pounding,neg
is over,neg
ha no bad,neg
i wanna go biking but it looks like its gonna,neg
another electrical my electric is going in and out,neg
i totally need this my stupid chair is broken,neg
so tired stupid windy last night and traffic this morning,neg
isis said they bombed concert i hope everyone is okay and i honestly dont understand why they are proud of doing this,neg
all of those pictures were supposedly fan made dammit you got me all excited i thought i was going to see toni for certain,neg
i knew it whenever it rains for more than a few hours theres a and now were under tornado watch wtf,neg
ah so more of a perfect that fucking sucks,neg
dont love the news in same email that the champion copper beech at k needs to come down due to damage i love copper beeches,neg
theres baby birds outside my window theyre cheeeeeping up a its so adorbs if i go look they flee though,neg
rule,neg
and its over come back,neg
wtaf this omg i gotta get up in like an hour and a bit whyyyyyy,neg
play at least one game in heroes of the in the eu region from april may,neg
ok but if its gunna rain can it just then luv s,neg
i feel a coming tonight,neg
if it doesnt,neg
without you i feel torn like a sail in a without you im just a sad song,neg
personally im a fan of the dva skin unfortunately it comes right after the heroes of the promotion,neg
girl has no goddamn patience im okay though you,neg
a friend of mine from mindanao said its pretty calm there as of the moment but we have that calm before the thing soooo,neg
theres this giant rn i hate it,neg
when you go to use o to record a heroes of the playback and mute the mic but you didnt you muted the desk,neg
this,neg
i have advice dont invest game is a money pit the money needed to pull top talent that will make top is,neg
tfw when rising comes out in days and the beta got you too hype,neg
im so upset most of my cards are water damaged from the,neg
sad to hear the news tonight i only live m north of mcr and have been in the arena at least times in the past mainly at games,neg
my anxiety is already bad from the this is making it so much worse i hate this so much,neg
starting to rain and possibly left my umbrella in my car,neg
i really like heroes of the but i dont feel like im improving,neg
view of the skirting us to the northeast,neg
remember when and played heroes of the together i do,neg
and so last nights rain has brought down some of those lovely old trees in sampige road,neg
tomorrow its harrys concert in mexico and im not going cries in a cool way,neg
hoping the first reports coming from manchester are people over reacting and that its not as bad as it sounds on the twitter,neg
you see i wanna watch but i also wanna play kingalso work,neg
im supposed to drive across the bay tonight to visit my grandparents but its apparently going to,neg
my,neg
it looks like the isnt going to stop today i will be back tomorrow miss you lt,neg
ok this,neg
nooooo please dont,neg
ow ow ow this big nasty is making my sinuses implode ow,neg
i want to go to disney and see the march of the troopers,neg
in my area it always seems to on garbage day wednesday so i have to drag the can out in the,neg
shademode engaged,neg
tidying up the yard i found a dead magpie baby not too far from a recurring magpie nest gave it a shallow grave poor little cutie,neg
you have to be brave to face the fire of media snowflakes etc etc etc attack attack,neg
there was a really bad today and theres all these dead birds in my backyard,neg
clarice is afraid of the,neg
gt imma in their office rn,neg
i have to study for my finals this entire week until friday,neg
anyone want to buy naruto ultimate ninja for me,neg
map dance practice official link,neg
jerry left right in the middle of the,neg
im so sad theres gonna be a hail and my lil baby is home all alone shes gonna be so scared,neg
not looking forward to losing power bc of this,neg
theres a amp my power keeps going out cant watch the bbmas,neg
wish this could wash away my sadness,neg
so a hail started and the mic picks it up and its really loud so if it doesnt stop in an hour no stream tonight,neg
i saved my parrot from the hail she better respeck me from now on gt,neg
i wish that was me,neg
its supposed to sunday,neg
dont know how to tell you or show you sorry or i would,neg
flickered my power if it happens again im done for the day,neg
i dont like how they gave jackson a bitch voice fuck it this movie still finna be fire,neg
gotta love heroes of the matchmaking not a single game where the average level of the other group is levels above,neg
our exhibition tents were destroyed in wind sunday early am,neg
i just want it to thunder,neg
im so sorry that shit is triggering it for you again totally understand why though,neg
i have a prescription for her anxiety but because i didnt know the was coming or how long i didnt give it to her,neg
i think i gotta skip stream today guys my voice was rough yesterday and today im coughing up a this,neg
the is almost here,neg
i wish audio multi localization was a thing in heroes of the,neg
i think there might be a here tonight,neg
in all the excitement in perth today i lost my badge worth it to see a win in,neg
sadly no troopers ate,neg
this and these cramps woke me up,neg
and the good stuff comes in today smh could of used it yesterday but then again damage,neg
its a no to dwmnlt or no skin sa loloverwatch heroes of the,neg
please dont before a rainbow comes a please remember itll get better,neg
its supposed to really bad here im scared,neg
i am home alone during a with an awful headache great saturday night,neg
i just realized someone let ed outside knowing damn well it was about to now im scared i hope hes ok,neg
here comes the next,neg
won vs in omm game was good and unfortunately offstream,neg
harry,neg
yeah you are killing me with all of this gorgeous lt ahhh i want all of this too but only have s,neg
rising vietnam is the most craziest game ive ever played in a long time and its open beta ends soon,neg
its supposed to the whole time im in south carolina,neg
my dog is so scared of this,neg
try to get the first order troopers to take you prisoner they ignored me,neg
my friend is flying in today i hope this ends soon,neg
why is it when theres basically a outside that im in the flat all alone,neg
that was a whopper of a off the water safe but no whoppers,neg
not a fan of streaming during a thunder and we are currently having a thunder will post again i,neg
it was supposed to all day today amp now it says itll be sunny by why cant we have spring showers,neg
here too the woke me up,neg
should of been meeting today,neg
every i pray that the pets who stay outside are okay or at least have little dog and cat homes to hide under,neg
stuck at six flags in the soaked down to the socks just wanna be home,neg
this is playin w my wifi,neg
update alien covenant wasnt worth braving the just as much of a mess as prometheus,neg
i was unfollowed by the,neg
another multiple tornado eveningand my lilies just bloomed,neg
currently stuck in the worst ive just been sitting on the side of the road in my car for the past minutes,neg
the is so bad that elvis keeps hiding,neg
i wanted to go shopping but it looks like its gonna,neg
now if only my hoodie would show up before tomorrows match,neg
yes it will rise up and begins yet if people dont get in panic with their the stor,neg
went from sunbathing topless outside to hiding from a nasty,neg
not me had to google it lol still havent watched last weeks,neg
that was fun to watch but why couldnt it stay y now its hot as fuck and super humid,neg
interner down due to an right now writing via lte having birthday party on the and writi,neg
stuck in a snow just trying to get to the west coast,neg
enjoy the calm after the unfortunately the is returning in a few days run for cover,neg
this drain at broome and th ave is cracked and you can fall in by stepping on it,neg
looked pretty wild over here in north lincolnshire this afternoon but still no real to photograph yet,neg
the winter rolled in later and heavier than i anticipated imma run out of catnip here in about an hour or so,neg
some damage west of us but were ok still have power more s expected later this afternoon,neg
every night i snag julios trooper pillow just cus its nice to hug when i sleepbut tonight its out of sight noooooo,neg
was it the,neg
my friends wanna do a picnic tomorrow but its gonna and im not about to sit in the rain outside,neg
i just want to sleep i need this to be quieter,neg
i hate that my dog shakes so bad amp paces when theres a,neg
car wash ended early because of,neg
here dana sullivan martinmore on the last night,neg
ugh just updated my to android and how impressed i am is best described with the prefix un,neg
half our tree gone after the last night,neg
days ago degrees hot melting now rain degrees make up your god damn mind weather gt,neg
poor zaryaaaaaa she has better skins in heroes of the why cant they use those,neg
also the looks v pretty in everyones stories im so sad i missed it bc i was at work,neg
i wish it wasnt so late id watch the on the porch,neg
this is scaring me i feel like a child it sounds like a bomb dropped amp it shook the house but its jus thunder,neg
videos and pictures wont load spotify wont load i feel so left out fuck this,neg
because im leaving for days and she cant stay alone this long so they offered to watch her b,neg
why are you not in my cellar,neg
i need to find new heroes of the friends i came back for and all of them quit playing,neg
i want it to,neg
holy crap this is crazy my power keeps going out,neg
it looked like it was going to at like pm but never did tease,neg
i really hope there isnt a cause then those dogs i saw are gonna get caught in it,neg
neat the is back hope that doesnt put a damper on my recording,neg
this sucks i need a hug,neg
calling it a night on s all too far away best i filmed or chased since that was amazing too bad its over,neg
huge fucking omg,neg
cancellation of musical yet there was no like i understand they want us safe but it still sucks,neg
i really just want a blizzard from dq but im afraid to drive out there bc of the,neg
my tv keeps glitching out bc of the,neg
not a drop a rumble a bolt nothing so far this is a dud for downtown fanatics,neg
dance stopped me from witnessing the,neg
the squirrels were blindsided by this i think many distressed individuals around one mommy just brought all her babies down,neg
im tired and sick and its getting ready to again i miss oli,neg
this was pretty underwhelming,neg
where my late night stream lmao,neg
my cat was flipping out during this and now im getting bad vibes,neg
well then ill take all the blinks im just worried because our power has not been the same since the last,neg
thunder where are you i miss you plz leave you friends large hail flooding and tornado at home baby versions are acceptable,neg
an year old woman was killed,neg
you blew out of town before the got here,neg
its just uglyhad hail last weektook out my roof and and shattered a car windowthis one will,neg
get well soon,neg
reduced subsidies lack of marketsdemand and cheap imports postbrexit seems like a perfect for agriculture,neg
this poor little pigeon get scared by the,neg
i like a good thunder and lightning havent seen one in awhile,neg
would love to but im not going to be anywhere near birm,neg
booooooooooooo just missed out with a it was in forres,neg
well i wanna fly above the,neg
sadly this might be the last pic of our dear loons for the season as cam has frozen during electrical,neg
when the arrives would you be seen with me,neg
it feels amazing outside too bad its about to,neg
yup moms favorite willow tree went down in the last night big job for dad now,neg
