created,id,text,screenName,retweetCount
2017-05-27T09:42:43Z,868402075734069248,I think I'm the only person that didn't wake up because of the storm :(,BeccaxHatesxYou,0
2017-05-27T09:25:42Z,868397792917680128,Actually gutted I didn't see that massive storm last night :(,c8obrien,0
2017-05-27T09:15:31Z,868395231712075776,And we're planning to go the beach. :( maybe we'll watch the storm instead... https://t.co/HgAVbR29fh,tony_sutton,0
2017-05-27T09:06:49Z,868393038531481600,Wah I'm scared my mommy has to drive home when its dark out in this mini snow storm or whatever it is :(,WathenSon,0
2017-05-27T08:46:49Z,868388005911957504,"@CarlyPage_ Waiting for the storm, horrid pressure headache :(",paulafoosp,0
2017-05-27T08:34:20Z,868384866185957376,Was meant to have a BBQ today :( sadly the storm rolled in #ukweather,ShhGhh0,0
2017-05-27T08:16:17Z,868380324828499968,"@plymouthgas That's amazing. We had some of that in Portsmouth but it didn't last longer than 15 minutes, as usual :( #storm",EmmyytheKitty,0
2017-05-27T07:59:54Z,868376202414895104,"@LilianHarry N'bour's dog left alone all night. Enormous storm overheard. She was in garden after, howling :(",lomelindi12,0
2017-05-27T07:54:34Z,868374857687478272,Moody skies &amp; unusually high tide after last night's epic storm :-( Just want to get out on the water... https://t.co/RrPRxp83NF,Sarah_James,0
2017-05-27T07:47:03Z,868372965280407552,the fucking storm is keeping me awake :( i was almost asleep earlier then i had to close the window bc rain. and now the power blinked,wilsonskatana,0
2017-05-27T07:43:54Z,868372173244780544,twits' first thunder storm didn't go too well :( poor twits x,tessaanne_01,0
2017-05-27T07:34:26Z,868369792138440704,@kirelicnh @kevbanufong Awwww i hate missing a good storm :(,punchymcslap,0
2017-05-27T07:05:40Z,868362553780576256,@QuijoteMike @wbtphdjd @Khanoisseur Flynn would call Trump and Trump would tweet a storm.. Hopefully by then saner… https://t.co/aBRiMBopWh,renmiri1,0
2017-05-27T07:00:53Z,868361350510149632,I want to quit osu but Rising Storm 2 Vietnam isn't out yet and I don't have anything to do :(,ZainSugieres,0
2017-05-27T06:59:29Z,868360995764400128,I'm jealous of the storm the south west got last night... :( Still hot as balls here.,saiyanhajime,0
2017-05-27T06:55:41Z,868360040889159680,"what the hell i slept through the storm last night, i wanted to see it :(",immywyatt1,0
2017-05-27T06:42:42Z,868356774230978560,@EssexWeather I'd rather have a really good storm :(,littlemisscazzy,0
2017-05-27T06:40:04Z,868356111384137728,Well that storm at 4.30am did nothing still humid :(,skipper68uk,0
2017-05-27T06:07:21Z,868347875868123136,@JoeyGraceffa Poor Storm :(,curioshittii,0
2017-05-27T05:05:00Z,868332186931527680,@JonahMarais Trying not to die in this storm. :(,kira_chelle00,0
2017-05-27T04:03:27Z,868316696339238913,sad that the storm has passed lmao come back pls :(,smokeandbeth,0
2017-05-27T03:40:20Z,868310877476450305,Well that was quick :( love a good storm,llclayton89,0
2017-05-27T03:20:08Z,868305795053744130,i swear the storm calms down every time i try to film it &gt;:(,habbovirgoo,0
2017-05-27T03:14:42Z,868304426875965441,Pool opens tomorrow!! Yet it's supposed to storm :(,thebubbles09,0
2017-05-27T03:11:17Z,868303567270137856,Massive thunder storm and I've got washing on the line lmao :(,_laurenprocter,0
2017-05-27T02:47:15Z,868297518278475776,I'm living for the uk storm rn why can't it be where I am :( beautiful lightning,s4nitys,0
2017-05-27T02:33:58Z,868294175388815360,@BrandonIveyWX @ReedTimmerAccu He is and will forever be missed! I always would watch the tv show Storm Chasers and… https://t.co/2USjGYBHrC,damien_da_boss1,0
2017-05-27T01:59:17Z,868285448501645312,@RadderssGaming I believe its just called an electrical storm. Excess influx of static in the air. Still dangerous though :(,UzumakiWasTaken,0
2017-05-27T01:38:16Z,868280160814067714,Wah I'm scared my mommy has to drive home when its dark out in this mini snow storm or whatever it is :(,sheridanrodri18,0
2017-05-27T01:23:12Z,868276366894039040,Hello storm! Still not a fan of them and I'm living on my own :(,PetiteTheatre,0
2017-05-27T00:59:22Z,868270371698593792,@ObscuredLeg I'm actually jealous. We've had rain all month but no thunderstorms :(,storm_blessed_,0
2017-05-27T00:47:50Z,868267466086125570,"There's a huge thunder storm going on, which I don't mind but it killed the power during our game }:-(",HesperaSmith,0
2017-05-27T00:31:08Z,868263264123310084,Rory's literally slept through all of that storm even though I tried so hard to wake him up to show him :(,taradaunt,0
2017-05-27T00:16:17Z,868259526553849857,Ugly storm coming this way. Maybe I should wait to log on to wiz :( https://t.co/x6DTmQVSJg,Iridian_Willow,0
2017-05-26T23:48:04Z,868252425169367040,#thunder #lightening I am so hoping the storm doesn't come into East Wiltshire tonight I hate #storms so much #terrified #stayawake :-(,hannahbakesyay,0
2017-05-26T23:17:09Z,868244646786478080,I think it's going to storm later tonight. :(,hylianviolinist,0
2017-05-26T22:26:45Z,868231961722204160,Loaded up Overwatch.  Didn't get the rewards from Heroes of the Storm events I've been doing the past couple weeks :( @BlizzardCS,SiccoThermaplug,0
2017-05-26T22:00:03Z,868225242501664770,Like wind? You'll love this weekend  :(  Rain possible Sat/Sun &amp; Monday looks dry.  Tom Schrader KX Storm Team… https://t.co/swQ0Q4i1dc,KXNewsMinot,0
2017-05-26T21:14:17Z,868213726821756928,i cudlnt sleep bcs of the storm now :( im rly rly sxared its so loud,revenqefrank,0
2017-05-26T20:53:53Z,868208590473113600,"@I_am_Suzette Just picked up a #FlowerAndGarden booklet, no Jackson Storm. :(",ThisDayInPixar,0
2017-05-26T20:33:43Z,868203516531286018,Yikes... Intense thunder has started here... Ughh this storm is gonna suck :(,CarbonMeister,0
2017-05-26T20:32:18Z,868203160204177410,I feel like I'm alone in this and could do with some help from the @thespeakmans fear of a storm coming tomorrow :(,AJS_EST_1995,0
2017-05-26T19:41:25Z,868190355019182080,it looks like it's about to storm :( this better not ruin my night with Normani,dwtsgrace,0
2017-05-26T19:20:06Z,868184988709253120,"@audrey_anne21 @HannahDouglas99 Guys, it's gonna storm tomorrow :(",Cheyalmamarie,0
2017-05-26T18:20:51Z,868170081196531712,@SabrinaAnnLynn there was a storm outside today and I couldn't sleep so lucky you :(,gomzsab,0
2017-05-26T18:14:22Z,868168449314443264,@Mcr_Storm @manc_phoenix @Altrincham_Rink @MENnewsdesk @MENSports @SheldanKeay @BBCMancSports @BBCRadioManc @BBCNWT… https://t.co/gPIrfLOUvf,peterbrads,0
2017-05-26T17:46:31Z,868161439734870016,I loved my Addy doll. I lost her in the storm. And all my books. :( https://t.co/TwtvrLuq1H,dawni3marie,0
2017-05-26T17:11:59Z,868152747035684864,Nugget died in the storm last night :(,bladedvixen,0
2017-05-26T16:41:14Z,868145009677271040,@thestormandsky @betito10034 Obviously it was an exaggeration. Awesome storm though!! Unfortunately we went South t… https://t.co/W4QUjBytXK,TeamSuckZone,0
2017-05-26T15:31:17Z,868127409027112960,morning i fell asleep so late bc there was a thunder storm last night &amp; i was too scared to sleep :(((,seductiveyug,0
2017-05-26T14:22:12Z,868110021514711042,"@thoughtxriot I think it's just a tough weekend for anything remotely fair. Storm is all over, and the devoted drui… https://t.co/7myXpqoX2a",Steinfeld91,0
2017-05-26T12:16:16Z,868078329148170241,"Nottingham_Post : The sun isn't going to last :(
https://t.co/waF83ZBOIm (via Twitter https://t.co/1j1QWTbhWY) https://t.co/vVPDkU2CJz",NottinghamPost,0
2017-05-26T12:13:00Z,868077507748257792,"The sun isn't going to last :(
https://t.co/BtaXJxR2Zy",Nottingham_Post,1
2017-05-26T11:21:42Z,868064597709905922,There is a giant storm outside :( RIP weekend electricity,FSTyph00n21,0
2017-05-26T11:19:13Z,868063970380451842,@funder SIGH - but DB don't HAVE to hand over docs and none of @GOP signed on to letter :-( I feel we will never ge… https://t.co/SsViUvV531,KeepResistng,1
2017-05-26T06:07:47Z,867985599260643328,"@starrymoonbeams @namjooncocoa Yes! Hopefully they do well, and it doesn't turn into a storm, I REALLY don't mean f… https://t.co/GM4Qeoy59M",yungtaeil,0
2017-05-26T04:59:27Z,867968402802876418,@TriCom_Storm why u don't fuck with me no more? We used to be mad cool :(,FatGibbs,0
2017-05-26T04:11:40Z,867956374403207169,"You are the fire on my apartment floor. Sixteen stories, I'd rather burn than fall. It isn't fate that took us all by storm.. :(",Ai640x,0
2017-05-26T03:43:59Z,867949410751102977,my therapist saw on the news about the storm that hit my town and emailed me to make sure me and my family were okay she's so sweet :(,stubbornghosts,0
2017-05-26T03:08:28Z,867940471687008257,Why does there have to be a storm now? :(,Scherzoe_,0
2017-05-26T02:20:26Z,867928383841345536,"Sorry guys, no stream tonight. Between the storm, kids going crazy, and computer still updating, I won't be on tonight :( @mobcrush",TheRealCabol,0
2017-05-26T01:42:51Z,867918923320049664,its raining and its like Almost at the point at which itd be considered a storm and sunny is shaking SO MUCH im :((((((,Sarkenoth,0
2017-05-26T01:30:48Z,867915892348379136,I don't like the storm :((,simplyyyalexa,0
2017-05-26T01:08:08Z,867910188644302849,The ice storm we had at the end of April sadly killed off a lot of perennials here :( #growingnorth,growingnorth,0
2017-05-25T23:33:21Z,867886336119894016,"@spacecommunism Me either. I am broken and a burden. No room for me in healing. #mentalillnessfeelslike shit, hones… https://t.co/5ajJqmZ7WH",disabled_storm,0
2017-05-25T22:09:43Z,867865286363549698,"i am truly heart broken rn :( to me ""Storm"" isn't a nickname anymore",storm_cierra,0
2017-05-25T21:59:51Z,867862803616550913,There was a huge storm and the event was rescheduled for 6/14 :( https://t.co/XwSJqiDxfT,alexarietemusic,0
2017-05-25T19:07:51Z,867819517900095488,@Sparkalisha Eeesh :( One day. One day you'll get the perfect storm and be able to tell one of those fuckers exactly what you think of 'em,TheRharding,0
2017-05-25T18:32:55Z,867810727117115393,I want to go to the zoo or a museum while I'm here &amp; since a storm is nearing I guess the zoo is out of the question for today :(,LeenaLoveanu,0
2017-05-25T15:53:10Z,867770527623938048,That bloody storm set my vertigo off :(,MRoyal_TPower,0
2017-05-25T14:25:47Z,867748534191362048,"@suzusaur :( I'm telling you, I'm convinced my acting up muscles are weather related. The whole bum knee thing pred… https://t.co/TgDzXQZ3RM",MollyPBearman,0
2017-05-25T13:56:46Z,867741234860662785,"but really, i would be more worried if you didn't have any emotions kyung :( life generally sucks but the rainbow will come after the storm!",lmtyoungk,1
2017-05-25T12:50:45Z,867724617691136000,Sorry folks had to cancel the stream. There is a lightning storm alert :( and it's approaching my location fast..,Frici_,0
2017-05-25T12:37:47Z,867721358435897348,@MissBiankadonk Oh man was this the very end? I think my power went out 10 minutes or so before you quit streaming… https://t.co/N5sk5HbgQG,CrazyCanuck84,0
2017-05-25T06:46:14Z,867632886702161921,@sunweandy Lol :( looks like there been a storm  my keypad what i was write is a huge mess,Grls_Day_Youra,0
2017-05-25T06:21:35Z,867626680919015424,@Aroze_Storm noooooooooooooooooooo I want ur account :(,oKunadaze,0
2017-05-25T04:01:46Z,867591496882454528,this is what I don't like when its raining the storm is so loud i feel like its so near like I am about to die :( im scared.,pcstelyx,0
2017-05-25T03:30:31Z,867583630712774657,"@stainlessstyled :(
Our storm turned north, then headed back west...the radar showed a weird hurricane like wind st… https://t.co/3ROz6zm7vp",janekorvemaker,0
2017-05-25T02:26:27Z,867567509527973893,"@risyiana @editor_in_chic Prost is the rather diluted one, 1945 reminds me a bit of the now defunct Storm :( Now I'… https://t.co/Ay8CLdW7sj",trialogy,0
2017-05-25T00:12:24Z,867533773478522881,@wunderground I can't find the storm track function on the web based radars. :-( Plis help! https://t.co/qwF8LqpuBh,OhGoSquid,0
2017-05-25T00:11:25Z,867533527222427648,@Galactic_Storm :( I missed the picture,ThePugCableHQ,0
2017-05-24T23:45:43Z,867527057588322304,The storm last night fried my old power box :(,Kenrocks2287,0
2017-05-24T23:10:56Z,867518307594850304,"@okiequakey @spiceypope :( Really sorry again for the bad experience. It was a perfect storm of issues, and I'm so… https://t.co/WYYM4wBVv9",GouletPens,0
2017-05-24T21:44:59Z,867496677007032320,"not feeling so hot tonight, dang ol storm got me fucked up :(",GPM_ebooks,0
2017-05-24T21:34:53Z,867494134306582528,@CirnoTV this storm made me lose an important letter i was working on :( saaalt.,strawbiTV,0
2017-05-24T21:30:21Z,867492992856215552,Storm...gotta go.  :(,Vamp_Nibbles,0
2017-05-24T21:20:24Z,867490488542220289,@Tempo_Storm @vainglory I would love to but I am not t8 :(,AdamR3DICE,0
2017-05-24T20:42:09Z,867480864837390336,"IT""S HERE, another dang storm :(",oldhorselady,0
2017-05-24T19:18:47Z,867459883821563904,"If I'm not around later, it means there's a bad storm here.  :(",Vamp_Nibbles,1
2017-05-24T17:30:06Z,867432532412911617,Whyyyyy does this weekend have to look like one constant storm and ruin everything :(,ktjeezetweeter,0
2017-05-24T17:00:47Z,867425156167237633,@SanAntonioFC Mine was destroyed in the tornado storm from a couple months ago :(,Alex__Sundin,0
2017-05-24T16:01:12Z,867410158690938888,this storm is making reesy a nervous wreck :( i really hope he doesn't have a seizure,Canaanayee,0
2017-05-24T14:07:02Z,867381427888959488,the storm played football with my washing machine : (,a1h9t,0
2017-05-24T13:55:21Z,867378487413194754,♥ Heroes of the Storm - I Forgot Samuro... :( - https://t.co/ZHujpXm6MF https://t.co/vprxjlU56p,FreeToWatch_TV,0
2017-05-24T13:04:29Z,867365686330445828,I am sad because the storm blew all the petals off the only balcony plant that was thriving :(,emrbrowne,0
2017-05-24T11:16:35Z,867338532381052928,Couldn't sleep well last night bcuz of the storm :( I was woken up by the thunder which sounded like a bomb was set off by a terrorist &gt;_&lt;,Kylin_125,0
2017-05-24T06:49:01Z,867271197838385152,This wind storm is scary :(,RedeadLauren,1
2017-05-24T05:46:34Z,867255482238418944,A storm is brewing and my kitty's are nowhere to be found. :( come home kitty's #kittylove #comehome,Kokellz,1
2017-05-24T05:04:17Z,867244839548706816,"Lost to BestInWorld in the finals of @Tempo_Storm gladiator open cup, played 4 aggro decks and didnt manage to highroll last round :( monkaS",GBarrantesB,0
2017-05-24T03:55:47Z,867227602024632320,This storm makes me wanna cuddle :-(,_taylor_wilson_,0
2017-05-24T03:43:07Z,867224416123576322,@that_boy_manuel Explains the random thunder storm :(,bran_bran326,0
2017-05-24T03:31:04Z,867221383054450688,@shadowgirlxxmc Today was so nice then the storm came and ruined the day :(,twinoomc,0
2017-05-24T02:44:49Z,867209742955024386,"Got caught in the hail storm while driving, trying to outrun the storm. The storm won. My car took a pounding :( https://t.co/G3AWVJk1xR",chadsmith71,0
2017-05-24T02:40:30Z,867208658375069701,Storm is over :(,aromman98,0
2017-05-24T02:16:31Z,867202620783505409,@RLElam Ha! No. Bad storm. :(,CourtneyWoods,0
2017-05-24T01:10:14Z,867185939994509312,I wanna go biking but it looks like it's gonna storm :(,hecto_orr,0
2017-05-24T00:36:02Z,867177334549475329,Another electrical storm :-( My electric is going in and out.,realJesebel,0
2017-05-23T23:52:15Z,867166314166661120,@TempoReynad @Tempo_Storm I totally need this!  My stupid chair is broken. :(,NurseNessaW,0
2017-05-23T23:46:37Z,867164898899316736,So tired stupid windy storm last night and traffic this morning :( https://t.co/V3LeKh9J7p,NicolaNaktarr,0
2017-05-23T22:39:51Z,867148096815366144,isis said they bombed @ArianaGrande concert I hope everyone is okay. And I honestly don't understand why they are proud of doing this. :(,Storm_Karlise,0
2017-05-23T21:32:15Z,867131081983758338,"All of those pictures were supposedly fan made. Dammit you got me all excited, I thought I was going to see Toni Storm for certain... :(",_Kryptonite7,0
2017-05-23T21:23:33Z,867128894419329028,I KNEW IT whenever it rains for more than a few hours there's a storm and now we're under tornado watch wtf :(,giveawaysnood,0
2017-05-23T21:21:31Z,867128383930544129,I KNEW IT whenever it rains for more than a few hours there's a storm and now we're under tornado watch wtf :(,Bri_Lyon,0
2017-05-23T20:32:15Z,867115985697988613,"@alto_even Ah, so more of a perfect storm. That fucking sucks :(",creature124,0
2017-05-23T20:14:50Z,867111603120082945,Don't love the news (in same email) that the champion copper beech at KBS needs to come down due to storm damage. :( I love copper beeches!,duffy_ma,0
2017-05-23T20:05:00Z,867109128392650754,"There's baby birds outside my window, they're cheeeeeping up a storm. It's so adorbs. If I go look they flee though :(",mg4h,0
2017-05-23T19:22:34Z,867098446456664064,@ToRecallE @BlizzHeroes @NVIDIAGeForceUK rule 2 :( https://t.co/Aa07KX8gMH,AhliSC2,0
2017-05-23T18:33:41Z,867086144906813440,and its over :(( come back storm,excusemetobio,0
2017-05-23T18:24:01Z,867083715117056000,WTAF @ THIS STORM OMG I gotta get up in like an hour and a bit :( whyyyyyy,relishtea,0
2017-05-23T17:44:56Z,867073877045858304,"@BlizzHeroes @NVIDIAGeForceUK ""Play at least one game in Heroes of the Storm in the EU Region from April 26 – May 3… https://t.co/ZyHjQlIepk",SmellyDanielle1,0
2017-05-23T17:27:02Z,867069373336477696,"ok but if it's gunna rain, can it just storm then... :((( luv storms",mkotesky,1
2017-05-23T17:09:12Z,867064885536067585,I feel a storm coming tonight :( #TeamValmani,PrettyfingDope,0
2017-05-23T17:01:17Z,867062892155326464,@nikisaragaglia if it doesn't storm :(,gonestipated,0
2017-05-23T16:24:29Z,867053631031226370,Without you I feel torn like a sail in a storm. Without you Im just a sad song :( @zoooeeiii,Shi_IsTheOne,0
2017-05-23T15:34:24Z,867041029039562752,"@J4g3r Personally, I'm a fan of the D.Va skin, unfortunately it comes right after the Heroes of the Storm promotion :(",Riddleham,0
2017-05-23T15:15:28Z,867036260942045185,"@Michelle_Storm_ @KissTheThief Girl has no goddamn patience! :(

I'm okay though. You?",ItsLizzieJones,0
2017-05-23T14:08:14Z,867019342801641472,"a friend of mine from mindanao said it's pretty calm there as of the moment but we have that ""calm before the storm"" thing soooo :((",ruizdatgurlisee,0
2017-05-23T12:57:36Z,867001567802777601,theres this giant storm rn i hate it :(,BENEDlCTCUM,0
2017-05-23T09:07:29Z,866943657932279808,"when you go to use OBS to record a heroes of the storm playback and mute the mic, but you didnt, you muted the desk… https://t.co/49yjmqSBf5",ruthven78,0
2017-05-23T06:00:09Z,866896514987294721,this storm :(((,Meghanxelle,0
2017-05-23T03:56:43Z,866865449635647488,"@Tempo_Storm @CallofDuty i have advice. Don't invest, game is a money pit :( The money needed to pull top talent that will make top 5 is",BixLe_,0
2017-05-23T02:17:54Z,866840583809191936,@sleepyniggy Tfw when Rising Storm 2 comes out in 8 days and the beta got you too hype :(,Prezno2012,0
2017-05-23T02:07:37Z,866837992035495938,I'm so upset most of my cards are water damaged from the storm :(,thelonewolf1593,0
2017-05-23T00:54:04Z,866819483092045824,Sad to hear the news tonight. I only live 6m north of Mcr and have been in the arena at least 100 times in the past mainly at Storm games :(,SimonUpNorth,0
2017-05-23T00:47:16Z,866817772331950080,my anxiety is already bad from the storm this is making it so much worse :( i hate this so much,pecanoakley,0
2017-05-22T23:14:38Z,866794461757624322,Starting to rain and possibly storm. Left my umbrella in my car. :(,rosesignet,1
2017-05-22T23:04:13Z,866791840653099008,I really like Heroes of the Storm but I don't feel like I'm improving :(,Mocharaid,0
2017-05-22T22:47:00Z,866787505726787584,@rowan_county_wx view of the storm skirting us to the northeast. :( https://t.co/1F2iAOGLuW,nickielgolden,1
2017-05-22T22:46:03Z,866787269730062336,@TGNSquadron remember when @TheHengest and @MFPallytime played heroes of the storm together? I do :(,NaterCakes,0
2017-05-22T22:41:52Z,866786213314809856,And so last night's rain storm has brought down some of those lovely old trees in Sampige Road :( #bangalorerains,prats_39,0
2017-05-22T22:39:07Z,866785522542411776,Tomorrow it's Harry's concert in Mexico and i'm not going :(  *cries in a cool way*',A_Little_Storm,0
2017-05-22T22:29:39Z,866783139972165632,Hoping the first reports coming from Manchester are people over reacting and that it's not as bad as it sounds on the twitter storm :(,dragonjester,0
2017-05-22T22:20:15Z,866780774393155584,"@SilentAddle You see I wanna watch, but I also wanna play Storm King...also work :(",NozeZelle,0
2017-05-22T20:21:43Z,866750946331820032,I'm supposed to drive across the bay tonight to visit my grandparents but it's apparently going to storm :(,alexecasso,0
2017-05-22T20:06:29Z,866747113128038400,My storm @hamzakhanmazari :(,DIA_TANVIR,0
2017-05-22T19:37:54Z,866739920546738177,It looks like the storm isn't going to stop today. :-( I will be back tomorrow! Miss you! &lt;3,realJesebel,0
2017-05-22T17:52:47Z,866713463435005954,Ok this storm :(,issaPharaoh,0
2017-05-22T17:06:43Z,866701873339920384,Nooooo please don't storm :(,TeeSew,0
2017-05-22T17:03:50Z,866701145330339843,ow ow ow this big nasty storm is making my sinuses implode ow :( https://t.co/DaxdnxNf3F,nickysmithster,0
2017-05-22T16:12:45Z,866688292254777345,I want to go to Disney and see the march of the Storm troopers :-(,_oknicklit,0
2017-05-22T12:33:34Z,866633130488287232,@meganlavengood In my area it always seems to storm on garbage day (Wednesday) so I have to drag the can out in the… https://t.co/8pW7ljJLWP,KyrieElissa,0
2017-05-22T11:36:25Z,866618750434521089,"@AtroxLong Shade-mode; engaged.

:( https://t.co/i5u1chQu30",Joon_Storm,0
2017-05-22T07:04:31Z,866550323858616320,"Tidying up the yard I found a dead magpie baby not too far from a recurring magpie nest.
Gave it a shallow grave.
Poor little cutie. :(",Joon_Storm,0
2017-05-22T06:59:44Z,866549118096752640,@I_like_weird @steforart1 @DeptofDefense You have to be brave to face the fire storm of media snowflakes etc etc etc attack attack....:(:(,joyjoyjoy77,0
2017-05-22T05:44:53Z,866530284338020352,there was a REALLY bad storm today and theres all these dead birds in my backyard :(,yeunrogers,0
2017-05-22T04:54:34Z,866517618576027649,clarice is afraid of the storm :(,fvtimabanger,0
2017-05-22T04:46:48Z,866515664885776384,@katakuesugimeow &gt;:((((( IMMA STORM IN THEIR OFFICE RN,mikanpy0n,0
2017-05-22T04:05:43Z,866505325641420801,@Galactic_Storm I have to study for my finals this entire week until Friday :(,CrystalKatt54,0
2017-05-22T03:52:08Z,866501906964692992,anyone want to buy Naruto Ultimate Ninja Storm 4 for me??? :(((,ryancyrano,0
2017-05-22T03:17:04Z,866493085403959296,"M.A.P6 - ""STORM"" Dance Practice 
Official link : ( https://t.co/cWsTmvQFXe ) 
Mirror dance link : (… https://t.co/B8LEmLlpcH",Kiho94_,0
2017-05-22T02:25:25Z,866480087268569088,Jerry left right in the middle of the storm :(,odalysmaite_,0
2017-05-22T02:14:21Z,866477300837044224,"im so sad, there's gonna be a hail storm and my lil baby is home all alone she's gonna be so scared :((((",raquelcueva15,0
2017-05-22T01:10:46Z,866461300603445249,Not looking forward to losing power bc of this storm :(,Ajm1114,0
2017-05-22T00:29:12Z,866450839518543872,Theres a storm &amp; my power keeps going out cant watch the BBMAs :((,spicygnomes,0
2017-05-22T00:19:31Z,866448399863820288,wish this storm could wash away my sadness :(,Julian_Leighh5,3
2017-05-22T00:15:51Z,866447479759409152,"So a hail storm started and the mic picks it up and it's really loud, so if it doesn't stop in an hour no stream tonight :(",SparkDOOD,0
2017-05-21T23:50:35Z,866441118883475462,I saved my parrot from the hail storm...she better respeck me from now on &gt;:(,UmmKenyaNot,1
2017-05-21T23:45:45Z,866439904536002561,@Aroze_Storm @MythFlowers @FaZeMito I wish that was me :(,MEADEYPLAYS,0
2017-05-21T23:37:33Z,866437839411703811,it's supposed to storm sunday :(,alexacipolla,0
2017-05-21T23:31:26Z,866436299313598465,@StorM_Blitzz Dont know how to tell you or show you :( sorry or i would,killagall9,0
2017-05-21T22:31:26Z,866421202050584576,Storm flickered my power. If it happens again I'm done for the day. :(,VikingVod,0
2017-05-21T20:50:02Z,866395682009079808,I don't like how they gave Jackson storm a bitch voice :( fuck it this movie still finna be fire,Theboyjvk,0
2017-05-21T20:03:37Z,866384003103850498,"Gotta love Heroes of the Storm Matchmaking, not a single game where the average level of the other group is 200 levels above :(",draskalder,0
2017-05-21T19:33:06Z,866376324302213122,Our Exhibition Tents were destroyed in wind storm Sunday early AM. :(,BCHSpets,0
2017-05-21T19:08:34Z,866370148101500929,I just want it to thunder storm :(,lolashleigh,0
2017-05-21T18:02:58Z,866353642055450624,@RdotSpoon I'm so sorry that Shit Storm is triggering it for you again. Totally understand why though. :(,The_Book_Queen,0
2017-05-21T17:57:23Z,866352234510077955,@LaraWVO I have a prescription for her anxiety but because I didn't know the storm was coming (or how long) I didn't give it to her :(,BrittanyLaudaVO,0
2017-05-21T17:56:05Z,866351908901969922,I think I gotta skip stream today guys. :( My voice was rough yesterday and today I'm coughing up a storm. This… https://t.co/PGgWZyqjY4,FibroMancer,0
2017-05-21T17:54:31Z,866351511835693061,the storm is almost here :(,idkbenfeldman,0
2017-05-21T17:28:30Z,866344964594302977,i wish audio multi localization was a thing in heroes of the storm :(,Levicopter,0
2017-05-21T16:26:35Z,866329383694237697,i think there might be a storm here tonight :(((,Zoefanleaf,0
2017-05-21T14:23:30Z,866298409296121856,@storm in all the excitement in Perth today I lost my 2015 badge :( worth it to see a win in #Perth #purplepride https://t.co/axo9Xsw7zH,alana_herbs,0
2017-05-21T13:54:20Z,866291068886687744,@isailxmna Sadly no :( storm troopers ate :(,karengrospe_,0
2017-05-21T12:13:01Z,866265572706844672,This storm and these cramps woke me up :-(,GwowItsHelen,0
2017-05-21T06:36:13Z,866180814874259456,And the good stuff comes in today! Smh could of used it yesterday but then again storm damage.. :(,paparazziJanet,0
2017-05-21T03:48:34Z,866138622088454144,"Its a no to ""DWMNLT"" or no ""skin sa LoL/Overwatch/ Heroes of the storm."" :(((",yambaojustin,0
2017-05-21T01:27:46Z,866103190063906816,please dont :( before a rainbow comes a storm. please remember it'll get better https://t.co/igxAV0Cl3m,lustbts,0
2017-05-21T00:50:43Z,866093864309882882,it's supposed to storm really bad here im scared :(,siIkjimn,0
2017-05-21T00:32:26Z,866089264819441664,"i am home alone during a storm with an awful headache, great saturday night :(",theqtlinn,0
2017-05-20T23:26:12Z,866072596881735681,I just realized someone let ed outside knowing damn well it was about to storm now Im scared I hope hes ok :(,karIaestraboa,0
2017-05-20T23:06:56Z,866067748186718208,here comes the next storm :(,RamblinRose12,0
2017-05-20T22:07:56Z,866052898215645184,"won vs @Tempo_Storm in OMM, 2-1 ^^ game was good and unfortunately off-stream :(",LiNkzrOW,0
2017-05-20T21:15:39Z,866039742433038338,@FernandaDhb HARRY? :(,A_Little_Storm,0
2017-05-20T21:13:36Z,866039227351527424,"@CallaWalker Yeah, you are killing me with all of this gorgeous. &lt;3 Ahhh :D I want all of this too. But only have S… https://t.co/WoGDDQP2ME",CarinaOlsen,0
2017-05-20T19:17:26Z,866009990351405056,"Rising Storm 2: Vietnam is the most craziest game i've ever played in a long time, and its open beta ends soon :(",Slayer_Tip,0
2017-05-20T17:19:29Z,865980309933895681,It's supposed to storm the whole time I'm in South Carolina :(,eburch331,0
2017-05-20T16:45:09Z,865971667960549378,My dog is so scared of this storm :(,bayleejohnson_,0
2017-05-20T16:29:34Z,865967747615903744,@GailSimone Try to get the first order storm troopers to take you prisoner. They ignored me :(,JBumbalough,0
2017-05-20T16:22:19Z,865965921948626945,@JulieWets My friend is flying in today. I hope this storm ends soon :(,theesadiemarie,0
2017-05-20T16:15:38Z,865964239764287488,Why is it when there's basically a storm outside that I'm in the flat all alone :(,lucyannm8,0
2017-05-20T16:12:06Z,865963350471188481,@BrianWilkes59wx That was a whopper of a storm! Off the water safe but no whoppers!!  :-(,ShawnRexroth,0
2017-05-20T16:03:01Z,865961065401782272,Not a fan of streaming during a thunder storm...and we are currently having a thunder storm... :( Will post again i… https://t.co/mEyQxIMjty,gektekRadio,0
2017-05-20T15:50:41Z,865957963206406144,It was supposed to storm all day today &amp; now it says it'll be sunny by 2 :( WHY CANT WE HAVE SPRING SHOWERS @MOTHERNATURE,Torrance_Webb,0
2017-05-20T13:55:16Z,865928918087475200,@WCIA3Jack Here too. The storm woke me up :(,rhonda66powell,0
2017-05-20T11:07:42Z,865886746852171776,should of been meeting @chy_leigh today :(,british_storm,0
2017-05-20T06:40:02Z,865819384643801089,every storm i pray that the pets who stay outside are okay :-( or at least have little dog and cat homes to hide under,nxthalia,0
2017-05-20T05:42:45Z,865804970620317696,stuck at six flags in the storm. soaked down to the socks. just wanna be home :(,zoe_cardenas,0
2017-05-20T05:34:16Z,865802833534300161,this storm is playin w my wifi :(,itsdominiquee_7,1
2017-05-20T02:36:31Z,865758103161237505,Update: Alien: Covenant wasn't worth braving the storm. Just as much of a mess as Prometheus. :(,zurisht,0
2017-05-20T01:47:17Z,865745713656991744,@BCnRollins I was unfollowed by the storm :(,PhenomenalAli,0
2017-05-20T01:17:17Z,865738162072682496,Another multiple tornado/storm evening...and my lilies just bloomed :(,kennettehughes,0
2017-05-20T01:00:05Z,865733835983597569,currently stuck in the worst storm :( ive just been sitting on the side of the road in my car for the past 45 minutes,VeraSkyLive,0
2017-05-19T23:33:13Z,865711975313145856,The storm is so bad that Elvis keeps hiding. :(,kendallsfunfair,0
2017-05-19T23:11:25Z,865706486957305856,i wanted to go shopping but it looks like it's gonna storm. :(,rvchee,0
2017-05-19T22:34:40Z,865697237816528898,@gankstars @Tempo_Storm Now if only my hoodie would show up before tomorrow's match :(,BrokenEyezLLC,0
2017-05-19T22:26:13Z,865695112826941442,@WolfOfPoloniex YeS it will rise up and storm begins yet. If people dont get in panic with their #altcoins the stor… https://t.co/svGbhoQJW5,onemanbank,0
2017-05-19T21:03:13Z,865674224714821632,Went from sunbathing topless outside to hiding from a nasty storm. :(,clitasha_pso,0
2017-05-19T20:32:12Z,865666421753167875,"@pittsburghRN @RebLBrown @dwainelee @chrislhayes Not me - had to google it, lol.  Still haven't watched last week's… https://t.co/SIal6IFXpg",TerriTypes,0
2017-05-19T19:26:33Z,865649899806703617,That storm was fun to watch but why couldn't it stay stormy? :( Now its hot as fuck and super humid. ,TylerStills,0
2017-05-19T19:12:27Z,865646352184688640,@rs2vietnam :( Interner down due to an storm right now (writing via lte) Having birthday party on the 21. and writi… https://t.co/8QpU51MaNK,Flip_2000,0
2017-05-19T19:09:53Z,865645705578164225,"Stuck in a snow storm, just trying to get to the west coast :-( #FridayFeeling",thisgreenside,0
2017-05-19T19:01:57Z,865643708523266050,@ananavarro Enjoy the calm after the storm..... Unfortunately the storm is returning in a few days :( RUN FOR COVER,justhadtotweet,0
2017-05-19T18:52:50Z,865641414620717056,@nyc311 this storm drain at Broome and 6th ave is cracked and you can fall in by stepping on it :( https://t.co/HJwu4LDOmw,dustytoast,0
2017-05-19T17:36:07Z,865622105211019264,"Looked pretty wild over here in North Lincolnshire this afternoon, but still no real storm to photograph yet :-(… https://t.co/rRhZtgTSQx",colfaurora,1
2017-05-19T16:19:24Z,865602801103237120,The winter storm rolled in later and heavier than I anticipated.  Imma run out of catnip here in about an hour or so.  :(,wyverntiger,0
2017-05-19T15:44:22Z,865593985049411584,@michaeldamian1 Some storm damage west of us. But we're ok. Still have power.  More storms expected later this afternoon. :-(,AcgretlcelloAmy,0
2017-05-19T14:56:14Z,865581869970079744,Every night I snag Julio's Storm Trooper pillow just cus it's nice to hug when I sleep—but tonight it's out of sight! Noooooo :(,janinuh_,0
2017-05-19T14:55:09Z,865581600096088066,@hmufrank :( Was it the storm?,DenkMimi,0
2017-05-19T11:29:46Z,865529910814621701,my friends wanna do a picnic tomorrow but it's gonna storm and I'm not about to sit in the rain outside :-(,fIaxen,0
2017-05-19T10:48:06Z,865519424782049280,i just want to sleep. i need this storm to be quieter. :(,jordeemakxx,3
2017-05-19T10:16:33Z,865511485367214080,i hate that my dog shakes so bad &amp; paces when theres a storm :(((,dtireyd,0
2017-05-19T09:52:16Z,865505377575501824,Car wash ended early because of storm! :(,wohlman_elina,0
2017-05-19T09:37:07Z,865501563271266305,Here Dana Sullivan- Martin...more on the storm last night....:( https://t.co/eBpWCEpQ2j,fppqueen,0
2017-05-19T08:36:59Z,865486429824077826,Ugh. Just updated my @wileyfox Storm to Android 7.1.1 and how impressed I am is best described with the prefix 'un' :(,VinceMH,0
2017-05-19T08:33:42Z,865485601788706816,Half our tree gone after the storm last night :( https://t.co/WG1U13XDwc,CJ104Jenn,0
2017-05-19T07:09:28Z,865464406125105153,"2 days ago: 28 degrees, hot, melting
Now: storm, rain, 15 degrees.
Make up your god damn mind weather &gt;:(",Tribeking18,0
2017-05-19T07:01:38Z,865462435636944898,@asieybarbie Poor zaryaaaaaa.  . She has better skins in heroes of the storm why can't they use those :(,Ezukart,0
2017-05-19T05:44:14Z,865442956077015040,"also the storm looks v pretty in everyone's stories, i'm so sad i missed it bc i was at work :((",rimies_a_cat,0
2017-05-19T04:57:15Z,865431130790543365,i wish it wasn't so late id watch the storm on the porch :(,jillibeeean,0
2017-05-19T04:42:56Z,865427528831217665,:( this storm is scaring me i feel like a child it sounds like a bomb dropped &amp; it shook the house but its jus thunder,trbl_tae,0
2017-05-19T04:10:59Z,865419488518258689,videos and pictures won't load spotify won't load i feel so left out fuck this storm :-(,candidnouis,0
2017-05-19T03:56:03Z,865415730610659328,@emmaskilllian because I'm leaving for 5 days and she can't stay alone this long :(( so they offered to watch her b… https://t.co/H8Q4m7vNXG,icantloseyoutoo,0
2017-05-19T03:54:57Z,865415455384535040,@Demijeau why are you not in my storm cellar :((((,dylanthetrex,0
2017-05-19T03:42:24Z,865412295488266240,I need to find new Heroes of the Storm friends.  I came back for 2.0 and all of them quit playing :(,UBW_Banestar,0
2017-05-19T03:21:41Z,865407081540493313,I want it to storm :((,Anobleblackeye,1
2017-05-19T03:14:49Z,865405352048607232,"holy crap, this storm is crazy. my power keeps going out :(",FindingFall,0
2017-05-19T03:12:21Z,865404733690748928,@nicnak044 It looked like it was going to at like 8pm but never did!  Storm tease! :(,Whiteleaf055,0
2017-05-19T02:54:52Z,865400332553035776,i really hope there isnt a storm cause then those 3 dogs i saw are gonna get caught in it :(,JoseAvilez_22,0
2017-05-19T02:45:33Z,865397988562092035,Neat. The storm is back. Hope that doesn't put a damper on my recording :(,garchompthegod,0
2017-05-19T02:34:03Z,865395095960473600,#ExceptingThunderBuddyApplication @bretteldredge this storm sucks i need a hug :(  ☔⚡,BEscountrygirl,0
2017-05-19T02:29:05Z,865393843134496773,Calling it a night on storms.  All too far away.  Best storm I filmed or  chased since 2011.  That was amazing.  Too bad it's over.  :(,Toxic_Mario,0
2017-05-19T02:11:56Z,865389529670320128,Huge fucking storm :( omg,MrsLostWatkins,0
2017-05-19T02:08:24Z,865388638955331584,"@loganvasquez113 cancellation of musical yet there was no storm. like I understand they want us safe, but it still sucks :(((",cherryalpacas,0
2017-05-19T01:40:56Z,865381727895769089,"i really just want a blizzard from DQ, but im afraid to drive out there bc of the storm :((",frantic_momo,0
2017-05-19T01:39:02Z,865381248230977541,my tv keeps glitching out bc of the storm :((,emiliasmisha,0
2017-05-19T01:38:15Z,865381053355225088,"#ONstorm not a drop, a rumble, a bolt, NOTHING!  So far this storm is a dud for downtown storm fanatics :(",yyzbwj,0
2017-05-19T01:26:54Z,865378194224017408,Dance stopped me from witnessing the storm :((,aye_its_ashh,2
2017-05-19T00:46:04Z,865367921161158656,"the squirrels were blindsided by this storm, i think.  many distressed individuals around.  one mommy just brought all her babies down.
:(",vuzhmusic,0
2017-05-19T00:23:59Z,865362362068500480,"I'm tired and sick and it's getting ready to storm again, I miss Oli. :(((",shcrtstack,0
2017-05-19T00:07:16Z,865358155290750979,This storm was pretty underwhelming :(,DDylan_Doo,0
2017-05-19T00:06:19Z,865357915808559104,@A_Mighty_Storm  where my late night stream lmao :(,TheCaribGamer,0
2017-05-18T23:34:19Z,865349865076908033,My cat was flipping out during this storm and now I'm getting bad vibes. :(,ActuallyJad,0
2017-05-18T22:46:47Z,865337900027834368,"@OGandE well, then i'll take all the blinks! i'm just worried because our power has not been the same since the last storm. :(",wifeofbobby,0
2017-05-18T22:44:49Z,865337408342175744,"Thunder storm where are you? I miss you :(

(plz leave you friends large hail, flooding and tornado at home. Baby versions are acceptable)",MichaelLaski,0
2017-05-18T22:07:31Z,865328019384258565,An 18 year old woman was killed :( https://t.co/gUJmZ5IyAn,storm_blessed_,0
2017-05-18T22:05:31Z,865327516176719872,@TannerPrigmore you blew out of town before the storm got here : (,ItsWeirdScience,0
2017-05-18T20:31:46Z,865303924554838016,@Donnydinker Its just ugly..had hail storm last week-took out my roof and and shattered a car window..This one will… https://t.co/gMVnr2UUS1,RealOrangeCat,0
2017-05-18T20:04:25Z,865297038287683584,@TempoYunalescka Get well soon :(,Tempo_Storm,0
2017-05-18T19:49:21Z,865293247886880768,"Reduced subsidies, lack of markets/demand and cheap imports post-Brexit seems like a perfect storm for agriculture  #AgriChatUK : (",clearmapping,0
2017-05-18T19:42:05Z,865291418616684545,This poor little pigeon get scared by the storm :-( https://t.co/Qf2MmS9SWc,RC_Neuville,0
2017-05-18T18:29:50Z,865273238791876608,@KrisinAlexander i like a good thunder and lightning storm. haven't seen one in awhile :(,yoopergirl89,0
2017-05-18T17:51:14Z,865263523974320129,@biclexual would love to but im not going to be anywhere near birm :(,british_storm,0
2017-05-18T17:27:50Z,865257635615997954,booooooooooooo just missed out with a storm it was in  Forres :(,ardersierstuart,0
2017-05-18T17:19:21Z,865255501163933697,Well I wanna fly above the storm... :( https://t.co/hvFR6MkEjx,tumedicinaa,0
2017-05-18T16:24:26Z,865241681284784130,Sadly this might be the last pic of our dear loons for the season as cam has frozen during electrical storm. :( https://t.co/GuUt5vG2YV,SierraMinnesota,0
2017-05-18T15:25:00Z,865226721246707713,"""When the storm arrives would you be seen with me"" 
#chriscornell :(",acalenu,0
2017-05-18T14:22:22Z,865210960885284865,It feels amazing outside. Too bad it's about to storm :(,ChicoHimself,0
2017-05-18T14:01:59Z,865205832845328386,"@Ginger_Zee Yup, moms favorite willow tree went down in the storm last night. Big job for dad now. :(… https://t.co/z9UVF4gZso",AliMorganMusic,0
